player,position,team,age,birth_year,minutes_90s,tackles,tackles_won,tackles_def_3rd,tackles_mid_3rd,tackles_att_3rd,dribble_tackles,dribbles_vs,dribble_tackles_pct,dribbled_past,blocks,blocked_shots,blocked_passes,interceptions,tackles_interceptions,clearances,errors
1,MF,Australia,32-094,1990,4,9,6,4,4,1,6,8,75,2,6,4,2,3,12,9,0
2,MF,Wales,31-357,1990,3,2,0,0,2,0,0,2,0,2,4,1,3,0,2,2,1
3,MF,Morocco,26-020,1996,2,3,1,1,2,0,2,6,33.3,4,3,1,2,5,8,3,0
4,DF,Qatar,29-112,1993,3,7,3,5,2,0,3,4,75,1,3,1,2,1,8,5,0
5,FW,Morocco,32-001,1990,0.8,0,0,0,0,0,0,1,0,1,0,0,0,0,0,2,0
6,FW,Morocco,21-001,2001,1,3,2,2,1,0,1,1,100,0,4,1,3,0,3,3,0
7,DF,Senegal,26-228,1996,3.7,2,2,2,0,0,2,2,100,0,1,1,0,1,3,10,0
8,FW,Ghana,18-285,2004,0,0,0,0,0,0,0,0,,0,0,0,0,0,0,0,0
9,MF,Qatar,32-051,1990,2.2,1,1,0,0,1,1,2,50,1,0,0,0,1,2,0,0
10,DF,Saudi Arabia,25-337,1997,2,1,0,1,0,0,0,1,0,1,2,1,1,4,5,10,0
11,MF,Saudi Arabia,28-068,1994,1.9,3,1,3,0,0,1,3,33.3,2,3,0,3,2,5,4,1
12,DF,Saudi Arabia,29-156,1993,0.5,1,0,1,0,0,0,0,,0,3,2,1,0,1,2,0
13,MF,Saudi Arabia,27-200,1995,0.4,3,3,2,1,0,1,5,20,4,0,0,0,0,3,0,0
14,DF,IR Iran,24-175,1998,0.2,0,0,0,0,0,0,0,,0,0,0,0,0,0,1,0
15,DF,Morocco,23-226,1999,2.1,1,0,1,0,0,1,3,33.3,2,7,4,3,5,6,9,0
16,DF,Morocco,24-044,1998,7,26,17,15,10,1,17,28,60.7,11,7,1,6,9,35,12,0
17,MF,France,27-259,1995,5.4,12,9,4,6,2,4,7,57.1,3,11,2,9,10,22,6,0
18,MF,Uruguay,24-078,1998,0.1,1,1,1,0,0,0,0,,0,1,0,1,0,1,0,0
19,MF,IR Iran,29-319,1993,2.5,4,3,1,1,2,1,2,50,1,3,0,3,6,10,8,0
20,FW,Qatar,29-321,1993,0.1,0,0,0,0,0,0,0,,0,0,0,0,0,0,0,0
21,GK,Tunisia,25-324,1997,3,0,0,0,0,0,0,0,,0,0,0,0,0,0,2,0
22,MF,Australia,26-166,1996,0.7,2,0,1,1,0,1,1,100,0,0,0,0,1,3,1,0
23,FW,Qatar,26-030,1996,3,0,0,0,0,0,0,1,0,1,0,0,0,0,0,0,0
24,MF,Ecuador,24-119,1998,0.5,1,0,0,1,0,0,1,0,1,0,0,0,2,3,1,0
25,DF,Spain,19-061,2003,1.4,6,6,2,2,2,2,2,100,0,2,0,2,0,6,2,0
26,FW,Serbia,28-093,1994,2.9,1,0,0,0,1,1,1,100,0,1,0,1,0,1,1,0
27,DF,Brazil,31-326,1991,2.1,8,3,6,2,0,2,2,100,0,1,0,1,3,11,9,0
28,DF,Brazil,30-003,1992,0.7,2,2,0,1,1,1,1,100,0,0,0,0,0,2,1,0
29,DF,Denmark,25-009,1997,0.5,4,4,2,1,1,2,3,66.7,1,2,0,2,2,6,0,0
30,DF,Ghana,28-131,1994,1.1,1,1,1,0,0,1,1,100,0,0,0,0,2,3,9,0
31,MF,Argentina,23-359,1998,6.1,9,4,3,5,1,4,7,57.1,3,13,1,12,3,12,6,0
32,FW,Mexico,25-023,1997,2.1,0,0,0,0,0,0,0,,0,1,0,1,1,1,2,0
33,DF,Tunisia,28-363,1993,2.1,8,5,5,2,1,3,3,100,0,1,0,1,4,12,13,1
34,MF,Saudi Arabia,25-289,1997,0.5,2,1,0,2,0,1,1,100,0,2,1,1,0,2,1,0
35,DF,Saudi Arabia,33-027,1989,2.4,4,2,2,2,0,2,4,50,2,1,1,0,3,7,1,0
36,MF,Qatar,29-333,1993,0.3,0,0,0,0,0,0,0,,0,1,0,1,0,0,0,0
37,MF,IR Iran,26-283,1996,2.2,0,0,0,0,0,0,2,0,2,5,0,5,3,3,2,0
38,MF,IR Iran,28-310,1994,1.1,3,3,3,0,0,1,2,50,1,0,0,0,3,6,1,0
39,DF,Tunisia,32-351,1990,1,1,1,0,1,0,1,1,100,0,2,0,2,0,1,4,0
40,DF,Ghana,22-197,2000,1.7,6,4,5,1,0,2,2,100,0,5,0,5,0,6,3,0
41,GK,IR Iran,30-088,1992,1.2,0,0,0,0,0,0,0,,0,0,0,0,0,0,2,0
42,MF,IR Iran,29-129,1993,0.7,1,1,0,1,0,0,1,0,1,2,0,2,1,2,0,0
43,GK,Brazil,30-077,1992,4.2,0,0,0,0,0,0,0,,0,0,0,0,0,0,2,0
44,DF,Canada,24-071,1998,3,5,3,5,0,0,2,7,28.6,5,6,1,5,2,7,4,0
45,FW,Qatar,26-121,1996,2.5,1,0,0,0,1,0,2,0,2,0,0,0,1,2,1,0
46,MF,Canada,22-046,2000,3,2,1,0,1,1,0,1,0,1,5,0,5,3,5,1,0
47,MF,Belgium,21-124,2001,1.2,4,1,2,2,0,1,2,50,1,1,0,1,0,4,0,0
48,FW,Morocco,22-041,2000,0.3,0,0,0,0,0,0,0,,0,2,0,2,0,0,0,0
49,MF,Cameroon,27-032,1995,2.9,4,0,3,0,1,1,3,33.3,2,2,0,2,5,9,2,0
50,DF,Denmark,26-252,1996,3,4,2,1,3,0,2,2,100,0,7,5,2,4,8,9,0
51,FW,Denmark,29-277,1993,1,0,0,0,0,0,0,0,,0,0,0,0,0,0,1,0
52,FW,Denmark,22-354,1999,1.5,0,0,0,0,0,0,1,0,1,3,1,2,1,1,0,0
53,FW,Croatia,31-182,1991,5.3,3,2,0,1,2,0,1,0,1,6,0,6,0,3,0,0
54,GK,Netherlands,28-255,1994,5.3,0,0,0,0,0,0,0,,0,0,0,0,0,0,4,0
55,DF,Serbia,26-160,1996,2.3,5,3,2,2,1,2,3,66.7,1,5,0,5,3,8,3,0
56,MF,Ghana,33-001,1989,2.2,4,1,0,4,0,1,2,50,1,1,0,1,0,4,3,0
57,GK,Cameroon,26-260,1996,0.9,0,0,0,0,0,0,0,,0,0,0,0,0,0,0,0
58,FW,Portugal,27-042,1995,0.3,0,0,0,0,0,0,0,,0,0,0,0,0,0,0,0
59,MF,Mexico,36-081,1986,0.5,4,2,0,4,0,2,3,66.7,1,0,0,0,0,4,1,0
60,MF,Tunisia,21-277,2001,1.6,3,1,2,1,0,0,0,,0,2,0,2,1,4,1,0
61,FW,Spain,20-048,2002,0.5,1,1,0,0,1,0,0,,0,0,0,0,0,1,0,0
62,FW,Croatia,31-149,1991,0.6,1,1,0,1,0,0,0,,0,0,0,0,0,1,1,0
63,FW,Costa Rica,22-323,2000,1.4,5,2,3,2,0,1,1,100,0,0,0,0,1,6,0,0
64,MF,France,31-272,1991,6,14,8,9,5,0,3,5,60,2,8,3,5,8,22,7,0
65,FW,Ghana,22-345,2000,0.2,0,0,0,0,0,0,0,,0,0,0,0,0,0,0,0
66,DF,United States,25-132,1997,4,5,4,5,0,0,3,7,42.9,4,3,0,3,7,12,8,0
67,DF,Germany,29-290,1993,3,2,1,1,1,0,0,0,,0,3,2,1,0,2,5,1
68,FW,Brazil,22-297,2000,1.9,3,0,2,0,1,1,2,50,1,3,0,3,1,4,1,0
69,DF,Portugal,19-049,2003,1,1,1,0,1,0,1,2,50,1,2,1,1,1,2,1,0
70,MF,Japan,24-099,1998,1.9,3,1,3,0,0,1,1,100,0,5,1,4,3,6,2,0
71,FW,Switzerland,20-141,2002,0,0,0,0,0,0,0,0,,0,0,0,0,0,0,0,0
72,FW,Poland,28-293,1994,1.1,0,0,0,0,0,0,2,0,2,1,0,1,0,0,0,0
73,DF,Poland,35-044,1987,0.2,0,0,0,0,0,0,0,,0,0,0,0,0,0,1,0
74,FW,Saudi Arabia,21-268,2001,0,0,0,0,0,0,0,1,0,1,2,0,2,0,0,1,0
75,MF,Qatar,26-057,1996,1.7,6,3,3,3,0,1,5,20,4,6,1,5,2,8,0,0
76,MF,Canada,39-313,1983,1.8,4,1,4,0,0,2,2,100,0,3,0,3,1,5,3,0
77,MF,France,22-325,2000,6.9,11,4,4,6,1,3,7,42.9,4,3,1,2,14,25,6,0
78,MF,Australia,27-094,1995,0.3,0,0,0,0,0,0,0,,0,1,0,1,1,1,0,0
79,DF,France,24-282,1998,1,3,2,1,2,0,0,2,0,2,0,0,0,3,6,4,0
80,MF,Belgium,33-340,1989,3,4,2,1,3,0,1,1,100,0,5,1,4,4,8,6,0
81,FW,Japan,24-099,1998,0.5,0,0,0,0,0,0,1,0,1,1,1,0,0,0,2,0
82,DF,Spain,28-205,1994,3.3,2,0,2,0,0,1,1,100,0,0,0,0,3,5,7,0
83,DF,Australia,32-002,1990,4,8,3,5,3,0,5,6,83.3,1,6,2,4,3,11,12,0
84,MF,Morocco,22-243,2000,6.3,9,8,4,5,0,7,9,77.8,2,5,1,4,7,16,2,0
85,MF,Tunisia,26-005,1996,2.7,3,3,3,0,0,1,2,50,1,7,1,6,4,7,6,0
86,DF,Ghana,28-169,1994,2,5,3,1,2,2,3,3,100,0,1,0,1,1,6,3,1
87,DF,Morocco,29-079,1993,0.6,0,0,0,0,0,0,0,,0,1,0,1,1,1,3,0
88,DF,Australia,30-143,1992,0.2,0,0,0,0,0,0,0,,0,0,0,0,0,0,2,0
89,FW,Senegal,22-270,2000,1.1,2,1,1,1,0,1,1,100,0,2,0,2,0,2,0,0
90,DF,Poland,30-159,1992,3.8,6,2,6,0,0,3,6,50,3,4,1,3,2,8,17,0
91,DF,Qatar,25-002,1997,1,0,0,0,0,0,0,1,0,1,0,0,0,0,0,7,0
92,DF,Wales,29-238,1993,2.6,4,2,0,2,2,2,2,100,0,4,2,2,1,5,8,1
93,DF,France,26-265,1996,1,0,0,0,0,0,0,0,,0,3,0,3,1,1,0,0
94,MF,Portugal,28-130,1994,4,2,2,0,2,0,1,1,100,0,3,0,3,2,4,0,0
95,MF,Morocco,18-222,2004,0.6,0,0,0,0,0,0,1,0,1,1,0,1,0,0,2,0
96,DF,Croatia,30-038,1992,1.3,1,1,0,1,0,1,1,100,0,1,0,1,0,1,4,0
97,DF,Croatia,24-331,1998,4.7,14,6,9,3,2,10,12,83.3,2,4,0,4,2,16,18,0
98,DF,Qatar,32-162,1990,3,2,2,2,0,0,1,2,50,1,6,2,4,3,5,18,1
99,FW,Senegal,26-032,1996,3.5,1,0,0,1,0,0,0,,0,1,0,1,1,2,3,0
100,MF,Costa Rica,19-173,2003,1,2,0,2,0,0,2,4,50,2,1,0,1,1,3,0,0
101,FW,Switzerland,25-307,1997,3.6,1,0,0,0,1,1,2,50,1,2,0,2,0,1,1,0
102,MF,United States,22-057,2000,1.2,3,2,1,1,1,0,0,,0,5,0,5,1,4,0,0
103,FW,Wales,21-209,2001,1,0,0,0,0,0,0,2,0,2,1,0,1,0,0,1,0
104,FW,Portugal,28-101,1994,4,4,3,3,1,0,0,3,0,3,7,1,6,2,6,4,0
105,MF,Brazil,25-032,1997,0.8,0,0,0,0,0,0,0,,0,1,0,1,0,0,0,0
106,FW,Croatia,28-093,1994,2.6,6,4,1,3,2,0,1,0,1,3,2,1,0,6,0,0
107,FW,Cameroon,23-133,1999,2.6,0,0,0,0,0,0,0,,0,1,0,1,1,1,2,0
108,DF,Costa Rica,32-303,1990,2.9,6,5,3,2,1,4,6,66.7,2,3,1,2,3,9,7,0
109,MF,Costa Rica,37-122,1985,0.3,1,1,0,1,0,1,1,100,0,1,1,0,0,1,0,0
110,FW,England,21-104,2001,3.2,7,4,2,2,3,1,2,50,1,5,1,4,2,9,2,0
111,FW,England,30-294,1992,0.5,0,0,0,0,0,0,0,,0,0,0,0,0,0,0,0
112,DF,United States,24-352,1997,1,0,0,0,0,0,0,0,,0,1,0,1,0,0,4,0
113,MF,Ecuador,27-243,1995,0.5,2,2,0,2,0,1,2,50,1,0,0,0,0,2,0,0
114,DF,Costa Rica,23-263,1999,0.5,1,1,0,1,0,1,2,50,1,1,0,1,1,2,1,0
115,MF,Spain,25-350,1997,1,0,0,0,0,0,0,0,,0,0,0,0,0,0,0,0
116,MF,Brazil,30-298,1992,4.3,11,4,3,5,3,4,6,66.7,2,13,2,11,7,18,5,0
117,MF,Costa Rica,34-205,1988,2.8,5,1,2,3,0,2,5,40,3,8,3,5,4,9,7,0
118,FW,Belgium,21-283,2001,0.2,0,0,0,0,0,0,0,,0,0,0,0,0,0,0,0
119,MF,Mexico,25-349,1997,0.4,0,0,0,0,0,0,1,0,1,2,0,2,0,0,0,0
120,MF,Senegal,32-362,1989,0.8,0,0,0,0,0,0,0,,0,2,1,1,2,2,4,0
121,FW,Korea Republic,24-327,1998,3.1,0,0,0,0,0,0,2,0,2,3,0,3,0,0,3,0
122,FW,Korea Republic,26-031,1996,0,0,0,0,0,0,0,0,,0,0,0,0,0,0,0,0
123,DF,Wales,25-043,1997,3,8,6,3,5,0,5,6,83.3,1,3,2,1,1,9,16,0
124,MF,Cameroon,27-061,1995,0.3,0,0,0,0,0,0,0,,0,0,0,0,1,1,0,0
125,MF,Denmark,30-307,1992,3,1,0,0,1,0,0,0,,0,5,2,3,0,1,1,0
126,FW,Switzerland,29-037,1993,0.1,0,0,0,0,0,0,0,,0,0,0,0,0,0,1,0
127,MF,Denmark,28-283,1994,0.1,0,0,0,0,0,0,0,,0,0,0,0,0,0,0,0
128,FW,United States,24-091,1998,3.5,2,0,0,0,2,0,1,0,1,2,0,2,0,2,1,0
129,DF,Cameroon,21-091,2001,1,1,0,0,1,0,1,2,50,1,3,2,1,1,2,6,0
130,FW,Netherlands,23-225,1999,5,8,2,3,2,3,3,4,75,1,10,1,9,3,11,6,0
131,DF,Cameroon,30-127,1992,3,5,2,2,2,1,3,6,50,3,2,0,2,4,9,7,0
132,DF,Wales,27-086,1995,2.2,3,3,2,1,0,2,3,66.7,1,2,2,0,1,4,7,0
133,MF,Australia,31-002,1991,2.6,4,3,1,2,1,2,5,40,3,3,0,3,0,4,3,0
134,DF,Argentina,24-235,1998,6.1,5,3,4,1,0,4,8,50,4,6,4,2,4,9,26,0
135,FW,Portugal,37-316,1985,3.2,0,0,0,0,0,0,0,,0,0,0,0,0,0,1,1
136,FW,Canada,27-245,1995,1.5,0,0,0,0,0,0,1,0,1,0,0,0,0,0,2,0
137,DF,Spain,33-112,1989,1.5,1,0,1,0,0,0,0,,0,2,0,2,1,2,0,0
138,DF,Mexico,25-297,1997,3,6,3,2,4,0,3,3,100,0,0,0,0,2,8,11,0
139,FW,Japan,26-135,1996,3.6,7,3,2,4,1,3,6,50,3,3,0,3,0,7,3,0
140,FW,Japan,25-059,1997,2,3,2,1,2,0,0,1,0,1,4,0,4,3,6,0,0
141,DF,Netherlands,32-284,1990,4.7,14,9,6,5,3,6,9,66.7,3,6,1,5,5,19,4,0
142,MF,Poland,27-185,1995,0.3,0,0,0,0,0,0,1,0,1,0,0,0,1,1,0,0
143,DF,Brazil,39-226,1983,1.3,5,4,2,2,1,2,5,40,3,1,1,0,2,7,2,0
144,DF,Spain,30-341,1992,1.5,1,1,1,0,0,0,2,0,2,0,0,0,2,3,1,0
145,FW,Spain,24-225,1998,4.1,5,3,0,3,2,1,2,50,1,5,0,5,1,6,4,0
146,DF,Ghana,27-362,1994,2.8,6,4,5,1,0,2,2,100,0,4,3,1,3,9,12,0
147,MF,Costa Rica,21-251,2001,0,0,0,0,0,0,0,0,,0,0,0,0,0,0,1,0
148,FW,Wales,25-038,1997,1.7,1,1,0,0,1,0,1,0,1,2,0,2,0,1,1,0
149,MF,Ghana,26-285,1996,0.4,2,2,1,1,0,1,1,100,0,0,0,0,0,2,4,0
150,DF,Brazil,31-156,1991,3.1,5,2,2,2,1,2,3,66.7,1,2,1,1,3,8,5,1
151,DF,Portugal,31-100,1991,1,2,2,1,1,0,2,2,100,0,1,1,0,3,5,3,1
152,GK,Wales,29-179,1993,1,0,0,0,0,0,0,0,,0,0,0,0,0,0,0,1
153,DF,Serbia,32-094,1990,0.3,0,0,0,0,0,0,0,,0,0,0,0,0,0,0,0
154,FW,Uruguay,23-177,1999,2.7,3,2,1,2,0,1,2,50,1,2,0,2,0,3,2,0
155,DF,Germany,24-240,1998,2.7,6,3,4,1,1,3,6,50,3,10,1,9,7,13,2,0
156,MF,Canada,32-336,1990,0.2,0,0,0,0,0,0,0,,0,1,0,1,0,0,0,0
157,MF,Netherlands,29-300,1993,2.1,3,2,2,1,0,1,1,100,0,2,0,2,1,4,2,0
158,DF,France,24-052,1998,5.3,11,7,10,1,0,6,6,100,0,5,4,1,6,17,13,0
159,DF,United States,29-162,1993,0.4,2,1,1,1,0,2,2,100,0,0,0,0,0,2,2,0
160,MF,England,23-338,1999,4.6,6,5,0,5,1,0,1,0,1,4,3,1,11,17,5,0
161,DF,Croatia,33-166,1989,6.7,7,2,5,1,1,3,5,60,2,7,5,2,6,13,29,0
162,DF,Ghana,34-205,1988,0.1,1,0,1,0,0,1,1,100,0,2,2,0,0,1,2,0
163,MF,Switzerland,26-028,1996,0.7,0,0,0,0,0,0,0,,0,1,0,1,3,3,1,0
164,DF,Netherlands,26-244,1996,5.3,8,5,7,1,0,5,6,83.3,1,5,1,4,7,15,6,0
165,GK,Cameroon,29-319,1993,2,0,0,0,0,0,0,0,,0,0,0,0,0,0,2,0
166,DF,Uruguay,36-305,1986,1.7,0,0,0,0,0,0,0,,0,0,0,0,1,1,9,0
167,GK,Portugal,23-090,1999,5,1,0,1,0,0,0,0,,0,0,0,0,0,1,4,1
168,DF,Portugal,23-275,1999,2.9,8,6,7,1,0,8,8,100,0,7,2,5,2,10,1,0
169,MF,Switzerland,25-315,1997,2.9,2,1,0,2,0,0,1,0,1,0,0,0,2,4,0,0
170,FW,Ecuador,23-334,1999,0.3,0,0,0,0,0,0,0,,0,0,0,0,0,0,0,0
171,GK,Croatia,27-343,1995,7.7,0,0,0,0,0,0,1,0,1,0,0,0,0,0,0,0
172,MF,Belgium,35-226,1987,0.8,2,0,1,1,0,2,3,66.7,1,0,0,0,0,2,0,0
173,MF,Serbia,34-028,1988,2.9,4,2,0,4,0,2,3,66.7,1,4,1,3,1,5,0,0
174,FW,Serbia,22-324,2000,0.9,1,0,1,0,0,1,1,100,0,0,0,0,0,1,0,0
175,DF,Tunisia,27-182,1995,1.8,4,2,1,2,1,3,3,100,0,2,1,1,0,4,0,0
176,MF,Belgium,31-345,1991,1.4,0,0,0,0,0,0,0,,0,1,0,1,1,1,0,0
177,GK,Brazil,29-123,1993,1,0,0,0,0,0,0,0,,0,0,0,0,0,0,0,0
178,FW,Switzerland,26-247,1996,1.6,2,1,1,0,1,0,1,0,1,3,0,3,2,4,3,0
179,FW,Uruguay,35-307,1987,1.4,0,0,0,0,0,0,0,,0,0,0,0,0,0,0,0
180,GK,Senegal,30-292,1992,4,0,0,0,0,0,0,0,,0,1,0,1,0,0,3,1
181,MF,Mexico,25-055,1997,1.9,3,2,2,1,0,1,3,33.3,2,1,0,1,4,7,2,0
182,DF,France,20-038,2002,1.6,14,9,7,5,2,4,5,80,1,4,0,4,3,17,6,0
183,MF,IR Iran,32-296,1990,2.6,6,3,2,3,1,3,5,60,2,3,0,3,2,8,2,0
184,MF,Tunisia,27-222,1995,3,10,3,4,6,0,5,7,71.4,2,2,0,2,7,17,3,0
185,GK,Argentina,30-107,1992,7.7,0,0,0,0,0,0,0,,0,0,0,0,0,0,3,0
186,FW,Ecuador,33-044,1989,2.8,2,0,0,2,0,0,1,0,1,3,0,3,1,3,2,0
187,DF,Cameroon,23-282,1999,1,4,2,4,0,0,1,1,100,0,1,0,1,0,4,5,0
188,MF,Argentina,21-335,2001,6.3,22,15,15,5,2,14,24,58.3,10,7,1,6,3,25,7,0
189,DF,Switzerland,24-317,1998,0.5,0,0,0,0,0,0,1,0,1,1,0,1,2,2,2,0
190,DF,England,28-337,1994,0.4,1,1,0,1,0,0,0,,0,0,0,0,0,1,0,0
191,FW,Cameroon,33-270,1989,2.8,4,2,1,3,0,1,2,50,1,0,0,0,1,5,1,0
192,MF,Mexico,27-186,1995,0.5,1,1,0,1,0,1,3,33.3,2,0,0,0,2,3,1,0
193,MF,Wales,22-095,2000,2.8,4,3,1,3,0,0,1,0,1,9,4,5,4,8,10,0
194,MF,Brazil,33-252,1989,0.4,1,0,1,0,0,1,1,100,0,0,0,0,0,1,0,0
195,MF,Argentina,24-074,1998,0.6,0,0,0,0,0,0,2,0,2,0,0,0,2,2,1,0
196,MF,Switzerland,33-344,1989,0.3,1,1,1,0,0,0,1,0,1,0,0,0,1,2,0,0
197,FW,Switzerland,20-305,2002,0.8,3,2,1,1,1,1,2,50,1,2,0,2,0,3,1,0
198,DF,Switzerland,30-363,1991,1.5,2,1,1,1,0,1,1,100,0,1,1,0,2,4,7,0
199,MF,Brazil,29-056,1993,1,3,2,1,2,0,2,2,100,0,0,0,0,1,4,2,0
200,MF,Uruguay,20-363,2001,2,2,1,0,1,1,1,2,50,1,1,0,1,0,2,2,0
201,FW,Senegal,30-003,1992,1,0,0,0,0,0,0,1,0,1,0,0,0,0,0,2,0
202,MF,Uruguay,24-149,1998,3,7,4,3,4,0,5,6,83.3,1,6,0,6,5,12,1,0
203,MF,Tunisia,30-275,1992,0.5,2,0,0,2,0,1,1,100,0,1,0,1,1,3,0,0
204,FW,Spain,22-292,2000,2.4,0,0,0,0,0,0,2,0,2,1,0,1,0,0,0,0
205,DF,Serbia,30-047,1992,2,6,3,2,1,3,2,2,100,0,3,0,3,0,6,1,0
206,DF,Serbia,31-125,1991,0.7,0,0,0,0,0,0,2,0,2,1,0,1,0,0,1,0
207,MF,Serbia,30-322,1992,0.2,0,0,0,0,0,0,0,,0,0,0,0,0,0,0,0
208,MF,Saudi Arabia,22-218,2000,3,3,3,2,0,1,2,2,100,0,5,2,3,2,5,4,0
209,DF,Senegal,25-349,1997,0.1,0,0,0,0,0,0,0,,0,1,0,1,0,0,0,0
210,DF,Australia,26-220,1996,1,2,1,2,0,0,1,1,100,0,2,1,1,2,4,3,0
211,DF,Costa Rica,30-163,1992,2,7,4,6,1,0,4,7,57.1,3,3,1,2,2,9,2,0
212,MF,Brazil,29-288,1993,1.6,3,3,1,1,1,1,2,50,1,1,1,0,0,3,3,0
213,MF,Netherlands,25-220,1997,5.3,12,5,4,5,3,1,3,33.3,2,6,3,3,6,18,3,0
214,DF,Ecuador,25-341,1997,3,2,2,2,0,0,2,3,66.7,1,3,2,1,4,6,10,0
215,FW,Brazil,25-259,1997,1,2,1,0,1,1,0,0,,0,0,0,0,2,4,0,0
216,FW,Australia,18-094,2004,0.4,0,0,0,0,0,0,0,,0,0,0,0,1,1,0,0
217,FW,Wales,33-155,1989,2.5,1,1,1,0,0,0,2,0,2,1,0,1,1,2,1,0
218,MF,Spain,18-135,2004,3.2,8,4,1,7,0,2,5,40,3,3,0,3,1,9,2,0
219,MF,Cameroon,27-044,1995,0.5,2,1,0,2,0,1,1,100,0,1,0,1,2,4,0,0
220,FW,Cameroon,27-308,1995,0.3,0,0,0,0,0,0,0,,0,0,0,0,0,0,0,0
221,DF,Argentina,31-174,1991,0.7,0,0,0,0,0,0,0,,0,0,0,0,0,0,0,0
222,MF,Costa Rica,25-112,1997,0.7,0,0,0,0,0,0,2,0,2,1,0,1,0,0,0,0
223,MF,Tunisia,28-293,1994,0.2,0,0,0,0,0,0,0,,0,1,0,1,2,2,1,0
224,DF,Ghana,24-153,1998,1,1,1,0,1,0,1,1,100,0,1,1,0,2,3,5,0
225,FW,United States,20-035,2002,0.6,0,0,0,0,0,0,0,,0,1,0,1,0,0,0,0
226,MF,Uruguay,28-200,1994,1.2,3,1,2,1,0,0,4,0,4,1,0,1,2,5,1,0
227,DF,Brazil,25-275,1997,1.2,1,1,1,0,0,0,1,0,1,1,0,1,1,2,6,0
228,DF,Argentina,25-351,1997,1.3,3,2,2,1,0,2,4,50,2,1,0,1,1,4,1,0
229,MF,Ecuador,22-047,2000,3,3,2,2,1,0,2,8,25,6,3,0,3,2,5,0,0
230,FW,Portugal,21-181,2001,1.7,1,1,0,1,0,1,2,50,1,0,0,0,0,1,2,0
231,MF,Switzerland,30-082,1992,4,6,4,1,5,0,4,6,66.7,2,3,2,1,2,8,7,0
232,GK,Switzerland,25-012,1997,1,0,0,0,0,0,0,0,,0,0,0,0,0,0,0,0
233,MF,Poland,32-323,1990,3.7,9,4,2,5,2,1,7,14.3,6,5,3,2,5,14,4,0
234,MF,Argentina,28-250,1994,0.6,2,0,1,1,0,2,2,100,0,1,1,0,0,2,1,0
235,GK,Mexico,37-158,1985,3,0,0,0,0,0,0,0,,0,0,0,0,0,0,0,0
236,DF,Uruguay,29-269,1993,2,3,2,2,1,0,3,4,75,1,1,0,1,3,6,1,0
237,FW,United States,24-266,1998,1.5,2,0,1,1,0,2,2,100,0,0,0,0,0,2,1,0
238,FW,Morocco,29-274,1993,7.1,10,7,4,5,1,4,11,36.4,7,10,0,10,10,20,4,1
239,MF,Tunisia,19-331,2003,0.1,1,0,1,0,0,0,0,,0,0,0,0,1,2,0,0
240,FW,Switzerland,30-299,1992,0.8,0,0,0,0,0,0,0,,0,2,2,0,0,0,0,0
241,FW,England,29-143,1993,4.5,2,1,1,1,0,1,1,100,0,2,1,1,0,2,5,0
242,DF,England,29-288,1993,4.8,7,3,4,3,0,1,2,50,1,4,3,1,4,11,18,0
243,DF,Australia,24-057,1998,4,4,0,3,1,0,2,3,66.7,1,7,4,3,6,10,22,0
244,MF,Wales,25-271,1997,1.8,4,2,1,3,0,1,1,100,0,1,0,1,1,5,3,0
245,DF,Saudi Arabia,23-312,1999,2,4,2,3,1,0,3,5,60,2,3,2,1,3,7,6,0
246,MF,Qatar,32-007,1990,2.3,4,1,2,2,0,2,8,25,6,0,0,0,2,6,1,0
247,MF,Saudi Arabia,30-155,1992,0,0,0,0,0,0,0,0,,0,0,0,0,0,0,0,0
248,FW,Mexico,30-030,1992,1.6,1,1,1,0,0,1,2,50,1,2,0,2,2,3,1,0
249,GK,Ecuador,35-263,1987,3,0,0,0,0,0,0,0,,0,0,0,0,0,0,0,0
250,MF,Japan,27-222,1995,3.2,0,0,0,0,0,0,0,,0,9,2,7,3,3,4,0
251,DF,Japan,23-220,1999,0.5,0,0,0,0,0,0,0,,0,0,0,0,0,0,0,0
252,MF,Japan,32-250,1990,1.3,5,4,3,1,1,2,4,50,2,2,2,0,1,6,8,0
253,FW,Mexico,27-141,1995,2.8,7,2,1,5,1,3,4,75,1,4,0,4,0,7,1,0
254,DF,Qatar,23-115,1999,2.9,2,2,2,0,0,1,3,33.3,2,0,0,0,2,4,1,0
255,DF,Korea Republic,32-092,1990,0.5,0,0,0,0,0,0,0,,0,2,1,1,1,1,1,0
256,GK,IR Iran,30-171,1992,1.8,0,0,0,0,0,0,0,,0,0,0,0,0,0,0,0
257,DF,IR Iran,28-270,1994,0.5,0,0,0,0,0,0,2,0,2,1,1,0,1,1,2,0
258,GK,France,35-357,1986,6.3,0,0,0,0,0,0,0,,0,0,0,0,0,0,3,0
259,MF,Korea Republic,26-326,1996,1.3,1,1,1,0,0,0,0,,0,0,0,0,0,1,0,0
260,MF,Korea Republic,26-089,1996,3.7,4,3,0,3,1,3,6,50,3,1,0,1,3,7,2,0
261,FW,Korea Republic,30-112,1992,1.2,0,0,0,0,0,0,2,0,2,0,0,0,0,0,1,0
262,MF,Mexico,32-243,1990,1.8,4,3,2,2,0,2,4,50,2,1,0,1,3,7,0,0
263,DF,Mexico,34-335,1988,3,2,1,2,0,0,1,1,100,0,2,1,1,1,3,4,0
264,DF,France,23-207,1999,3.3,15,6,11,4,0,5,5,100,0,5,2,3,7,22,16,0
265,MF,Senegal,33-083,1989,3,2,1,1,1,0,0,1,0,1,3,0,3,5,7,3,0
266,MF,Morocco,25-049,1997,0.5,1,0,0,1,0,0,1,0,1,0,0,0,0,1,0,0
267,FW,Senegal,22-287,2000,1.5,0,0,0,0,0,0,2,0,2,2,0,2,1,1,0,0
268,DF,Senegal,23-123,1999,3.1,0,0,0,0,0,0,1,0,1,3,0,3,4,4,14,0
269,FW,Qatar,32-257,1990,1.9,,2,,,,,,,,,,,2,,,
270,FW,Senegal,24-296,1998,3.8,4,2,1,2,1,2,3,66.7,1,2,0,2,2,6,1,0
271,MF,Canada,20-195,2002,1.2,0,0,0,0,0,0,2,0,2,0,0,0,0,0,0,0
272,FW,Tunisia,30-358,1991,2,3,3,1,1,1,0,1,0,1,1,0,1,0,3,3,0
273,MF,Serbia,21-276,2001,0.4,0,0,0,0,0,0,0,,0,0,0,0,1,1,0,0
274,FW,Croatia,33-319,1989,7.4,7,4,3,4,0,5,7,71.4,2,9,1,8,7,14,12,0
275,FW,Ghana,28-186,1994,3,4,2,0,1,3,1,2,50,1,3,0,3,0,4,2,0
276,FW,England,27-099,1995,1,3,1,2,1,0,0,0,,0,2,0,2,3,6,1,0
277,MF,Australia,29-286,1993,3.9,4,2,1,3,0,2,4,50,2,7,0,7,3,7,8,0
278,DF,Ecuador,22-136,2000,1.1,2,2,1,1,0,0,0,,0,1,0,1,3,5,4,0
279,MF,Poland,20-196,2002,2.6,6,1,3,3,0,3,4,75,1,4,1,3,0,6,2,0
280,DF,Poland,22-306,2000,3.9,2,1,2,0,0,1,1,100,0,4,2,2,4,6,15,2
281,MF,Germany,19-295,2003,2.9,1,1,0,0,1,1,2,50,1,3,1,2,1,2,0,0
282,FW,Australia,29-142,1993,0.6,0,0,0,0,0,0,3,0,3,0,0,0,1,1,0,0
283,DF,Poland,26-250,1996,0.1,0,0,0,0,0,0,0,,0,0,0,0,0,0,0,0
284,DF,Belgium,35-238,1987,3,0,0,0,0,0,0,1,0,1,2,2,0,5,5,12,0
285,FW,Australia,27-139,1995,0.4,0,0,0,0,0,0,0,,0,0,0,0,0,0,0,0
286,DF,Morocco,30-292,1992,3.4,4,2,4,0,0,3,3,100,0,6,6,0,5,9,17,0
287,DF,Cameroon,27-326,1995,2,3,3,2,1,0,0,1,0,1,2,1,1,6,9,12,0
288,MF,Korea Republic,23-089,1999,0.5,0,0,0,0,0,0,0,,0,0,0,0,0,0,1,0
289,MF,Belgium,20-205,2002,0.2,0,0,0,0,0,0,0,,0,0,0,0,0,0,0,0
290,MF,Ecuador,20-185,2002,0.9,2,1,0,1,1,0,1,0,1,0,0,0,1,3,0,0
291,MF,Cameroon,24-079,1998,0.1,0,0,0,0,0,0,0,,0,0,0,0,0,0,1,0
292,MF,Denmark,22-292,2000,2.2,1,1,0,1,0,1,3,33.3,2,4,0,4,1,2,1,0
293,FW,United States,21-359,2000,0.5,1,0,1,0,0,1,1,100,0,0,0,0,0,1,0,0
294,DF,Mexico,28-125,1994,3,9,5,5,4,0,3,8,37.5,5,5,1,4,1,10,10,0
295,MF,Costa Rica,18-186,2004,1.1,0,0,0,0,0,0,3,0,3,2,0,2,0,0,0,0
296,MF,Ecuador,25-236,1997,2,2,2,1,1,0,1,1,100,0,4,0,4,1,3,1,0
297,DF,Denmark,26-201,1996,3,4,2,2,1,1,0,2,0,2,2,1,1,0,4,12,0
298,DF,Denmark,25-212,1997,2.8,9,5,4,3,2,5,7,71.4,2,7,3,4,2,11,6,0
299,MF,Wales,32-279,1990,1,1,1,1,0,0,1,2,50,1,1,0,1,1,2,4,0
300,MF,Wales,25-349,1997,0.4,3,2,1,2,0,0,1,0,1,2,0,2,1,4,0,0
301,DF,Wales,25-057,1997,3,2,2,1,1,0,1,2,50,1,2,2,0,4,6,13,0
302,FW,Costa Rica,30-175,1992,3,9,5,2,5,2,1,2,50,1,3,0,3,0,9,4,0
303,FW,Costa Rica,34-021,1988,0.8,0,0,0,0,0,0,1,0,1,0,0,0,0,0,2,0
304,DF,England,28-204,1994,4.8,2,2,2,0,0,2,2,100,0,3,3,0,1,3,8,0
305,FW,Germany,30-157,1992,0.3,0,0,0,0,0,0,1,0,1,2,0,2,0,0,0,0
306,FW,Canada,22-338,2000,2.1,1,1,0,1,0,0,0,,0,0,0,0,0,1,0,0
307,MF,Canada,30-189,1992,1.3,2,1,0,1,1,2,4,50,2,0,0,0,1,3,1,0
308,FW,Ghana,31-098,1991,1.5,3,3,1,2,0,0,1,0,1,0,0,0,1,4,1,0
309,MF,England,32-184,1990,3,4,2,2,2,0,2,2,100,0,3,1,2,1,5,0,0
310,FW,United States,28-053,1994,0,0,0,0,0,0,0,0,,0,0,0,0,0,0,0,0
311,GK,England,28-286,1994,5,0,0,0,0,0,0,0,,0,0,0,0,0,0,2,0
312,MF,France,29-292,1993,0.7,2,0,0,2,0,1,1,100,0,0,0,0,0,2,2,0
313,DF,Spain,33-272,1989,2.9,6,4,2,4,0,2,5,40,3,2,0,2,3,9,2,0
314,DF,Mexico,25-008,1997,1.9,1,0,1,0,0,1,1,100,0,2,0,2,3,4,8,0
315,FW,United States,22-301,2000,1.7,0,0,0,0,0,0,1,0,1,1,0,1,1,1,0,0
316,MF,Germany,27-313,1995,3,5,2,3,2,0,3,6,50,3,6,1,5,3,8,1,0
317,DF,Croatia,27-124,1995,6.7,12,8,9,3,0,8,8,100,0,5,3,2,3,15,15,0
318,DF,Croatia,22-260,2000,1,3,3,0,3,0,2,2,100,0,0,0,0,1,4,0,0
319,DF,Croatia,22-293,2000,1,0,0,0,0,0,0,0,,0,1,1,0,0,0,5,0
320,MF,Ecuador,23-281,1999,0.7,2,2,1,1,0,0,2,0,2,1,0,1,0,2,1,0
321,DF,Uruguay,27-332,1995,3,4,1,3,1,0,2,7,28.6,5,6,5,1,7,11,11,0
322,DF,Portugal,28-205,1994,3.4,7,3,1,2,4,4,5,80,1,1,1,0,2,9,8,0
323,FW,Portugal,23-038,1999,3.7,4,2,2,2,0,0,3,0,3,0,0,0,1,5,1,0
324,FW,Portugal,29-333,1993,0.9,2,1,0,1,1,2,3,66.7,1,2,0,2,0,2,0,0
325,MF,Portugal,27-162,1995,0.4,2,1,1,1,0,0,1,0,1,1,0,1,1,3,1,0
326,DF,Croatia,20-329,2002,7.7,9,6,5,4,0,5,8,62.5,3,8,4,4,11,20,37,0
327,DF,Argentina,24-340,1998,0.1,0,0,0,0,0,0,0,,0,0,0,0,0,0,0,0
328,DF,Costa Rica,27-195,1995,1,4,3,4,0,0,3,3,100,0,0,0,0,2,6,10,0
329,MF,England,19-172,2003,4.6,16,15,5,6,5,5,6,83.3,1,10,0,10,5,21,0,0
330,DF,France,24-036,1998,5.3,11,8,9,1,1,7,12,58.3,5,7,4,3,5,16,8,0
331,FW,Argentina,22-321,2000,5.2,4,2,3,0,1,0,2,0,2,8,0,8,0,4,3,0
332,MF,Korea Republic,33-004,1989,3.4,5,4,3,2,0,2,3,66.7,1,3,1,2,3,8,7,0
333,FW,Canada,32-196,1990,1.8,8,4,1,2,5,3,4,75,1,0,0,0,1,9,0,0
334,MF,Japan,29-284,1993,3.6,7,4,3,3,1,5,9,55.6,4,4,1,3,5,12,6,0
335,DF,Netherlands,21-184,2001,4.3,12,6,5,7,0,6,6,100,0,1,0,1,10,22,13,0
336,FW,Germany,23-190,1999,1.1,1,1,0,1,0,0,1,0,1,0,0,0,1,2,0,0
337,DF,Senegal,31-181,1991,4,12,9,10,2,0,7,11,63.6,4,4,1,3,2,14,30,0
338,MF,England,27-016,1995,0.5,0,0,0,0,0,0,0,,0,0,0,0,0,0,1,0
339,DF,Canada,25-216,1997,3,6,4,5,1,0,2,3,66.7,1,1,1,0,4,10,11,1
340,FW,Ghana,20-306,2002,0.6,0,0,0,0,0,0,0,,0,0,0,0,0,0,2,0
341,DF,Poland,34-318,1988,4,2,1,1,1,0,2,3,66.7,1,2,1,1,3,5,23,0
342,MF,Poland,34-193,1988,0,0,0,0,0,0,0,0,,0,0,0,0,0,0,0,0
343,MF,Japan,25-212,1997,1.8,7,2,6,0,1,3,3,100,0,4,1,3,2,9,5,0
344,FW,IR Iran,32-259,1990,0.4,0,0,0,0,0,0,0,,0,1,0,1,1,1,0,0
345,MF,Qatar,32-093,1990,2.1,2,1,0,2,0,2,5,40,3,0,0,0,0,2,3,0
346,FW,Cameroon,30-095,1992,1.8,1,1,0,1,0,0,1,0,1,1,0,1,2,3,0,0
347,FW,Poland,25-329,1997,0.5,4,1,1,1,2,2,3,66.7,1,0,0,0,2,6,0,0
348,FW,Denmark,25-073,1997,1.3,1,1,0,1,0,0,1,0,1,0,0,0,0,1,1,0
349,GK,Denmark,36-043,1986,3,0,0,0,0,0,0,0,,0,0,0,0,0,0,0,0
350,MF,Australia,24-194,1998,1.3,1,1,1,0,0,0,2,0,2,5,0,5,2,3,1,0
351,MF,United States,27-147,1995,0.5,3,2,3,0,0,2,2,100,0,0,0,0,0,3,0,0
352,DF,Costa Rica,34-351,1988,2.5,7,4,6,1,0,3,4,75,1,2,1,1,5,12,14,0
353,MF,Netherlands,20-216,2002,0.1,0,0,0,0,0,0,0,,0,0,0,0,0,0,0,0
354,FW,Belgium,31-173,1991,3,1,1,1,0,0,0,2,0,2,2,0,2,0,1,3,0
355,FW,Ecuador,22-289,2000,0,,0,,,,,,,,,,,0,,,
356,DF,Mexico,23-337,1999,0.8,1,0,1,0,0,1,1,100,0,2,0,2,1,2,2,0
357,GK,Costa Rica,36-003,1986,3,1,0,1,0,0,1,1,100,0,0,0,0,1,2,2,1
358,DF,Costa Rica,28-160,1994,2.8,4,4,3,1,0,3,7,42.9,4,2,0,2,3,7,9,0
359,FW,Wales,30-132,1992,2.5,1,0,1,0,0,0,0,,0,3,1,2,2,3,7,0
360,DF,England,32-090,1990,2.3,6,4,4,2,0,5,6,83.3,1,3,1,2,1,7,4,0
361,DF,Korea Republic,30-188,1992,3.5,10,5,6,2,2,5,6,83.3,1,2,0,2,3,13,5,0
362,DF,Korea Republic,26-033,1996,3,2,1,2,0,0,1,1,100,0,5,1,4,2,4,8,0
363,DF,Korea Republic,27-139,1995,4,9,4,6,2,1,5,6,83.3,1,3,1,2,4,13,16,0
364,GK,Korea Republic,32-079,1990,4,0,0,0,0,0,0,0,,0,0,0,0,2,2,2,0
365,DF,Korea Republic,32-294,1990,3.9,3,2,3,0,0,1,2,50,1,3,2,1,3,6,11,0
366,FW,France,26-188,1996,1.9,3,2,1,2,0,1,2,50,1,3,0,3,2,5,1,0
367,DF,Japan,25-325,1997,3,9,5,4,4,1,3,4,75,1,1,0,1,4,13,16,0
368,MF,Spain,30-344,1992,0.6,1,1,0,1,0,0,0,,0,0,0,0,0,1,0,0
369,FW,Croatia,25-218,1997,0,0,0,0,0,0,0,0,,0,0,0,0,0,0,0,0
370,MF,Poland,24-348,1998,2.4,5,3,1,3,1,2,4,50,2,1,0,1,5,10,6,0
371,FW,Poland,27-170,1995,0.3,0,0,0,0,0,0,0,,0,0,0,0,0,0,0,0
372,FW,Senegal,23-296,1999,2,0,0,0,0,0,0,0,,0,1,0,1,0,0,0,0
373,FW,Ghana,22-138,2000,2.7,5,4,3,0,2,1,2,50,1,4,0,4,1,6,0,0
374,FW,Korea Republic,28-171,1994,0.6,1,0,0,1,0,1,1,100,0,0,0,0,0,1,0,0
375,DF,Korea Republic,30-321,1992,1,0,0,0,0,0,0,0,,0,1,1,0,2,2,5,0
376,DF,Australia,24-177,1998,4,8,2,5,3,0,4,7,57.1,3,9,7,2,7,15,16,1
377,DF,England,32-204,1990,2.6,3,1,2,1,0,3,5,60,2,2,0,2,3,6,3,0
378,FW,France,23-363,1998,6.6,0,0,0,0,0,0,0,,0,0,0,0,0,0,0,0
379,FW,Argentina,25-118,1997,2.7,0,0,0,0,0,0,0,,0,1,1,0,1,1,0,0
380,GK,Ghana,26-019,1996,3,0,0,0,0,0,0,0,,0,0,0,0,0,0,0,0
381,DF,Belgium,27-247,1995,1.8,6,3,4,2,0,4,4,100,0,4,3,1,0,6,5,0
382,MF,Argentina,28-172,1994,2.5,10,4,4,6,0,3,4,75,1,0,0,0,3,13,4,0
383,FW,Belgium,28-014,1994,1.1,1,1,0,1,0,1,1,100,0,1,0,1,0,1,0,0
384,MF,Korea Republic,30-130,1992,2.3,5,2,1,2,2,1,8,12.5,7,3,0,3,3,8,2,0
385,MF,Korea Republic,21-302,2001,1.6,4,3,1,2,1,2,5,40,3,0,0,0,0,4,0,0
386,MF,Germany,27-315,1995,1.8,5,3,2,3,0,2,2,100,0,1,0,1,1,6,0,0
387,FW,Germany,26-341,1996,1.2,1,1,1,0,0,0,4,0,4,2,0,2,0,1,1,0
388,DF,Canada,23-082,1999,0.1,0,0,0,0,0,0,0,,0,0,0,0,0,0,0,0
389,FW,Argentina,35-177,1987,7.7,5,3,1,3,1,0,2,0,2,2,0,2,0,5,0,0
390,DF,Argentina,24-334,1998,3.4,6,2,4,2,0,2,2,100,0,3,1,2,3,9,14,0
391,MF,Croatia,24-335,1998,1.4,3,1,1,2,0,2,3,66.7,1,1,0,1,0,3,2,0
392,FW,Belgium,22-305,2000,0.1,1,0,0,1,0,0,0,,0,1,0,1,0,1,0,0
393,FW,Canada,29-355,1992,0.2,0,0,0,0,0,0,0,,0,0,0,0,0,0,0,0
394,DF,France,26-307,1996,0.1,1,1,0,1,0,1,2,50,1,0,0,0,0,1,0,0
395,MF,Brazil,25-113,1997,3.5,7,5,5,1,1,2,5,40,3,5,1,4,2,9,4,0
396,MF,Mexico,26-337,1996,3,1,0,0,1,0,1,4,25,3,6,0,6,1,2,3,0
397,FW,Uruguay,35-328,1987,1.6,1,0,0,0,1,0,3,0,3,0,0,0,0,1,2,0
398,FW,Serbia,24-360,1997,0.4,0,0,0,0,0,0,0,,0,1,0,1,1,1,0,0
399,MF,Croatia,37-100,1985,7.3,16,10,4,11,1,7,14,50,7,4,2,2,10,26,3,0
400,DF,Germany,26-198,1996,0.7,3,1,0,3,0,2,3,66.7,1,0,0,0,0,3,1,0
401,DF,England,27-159,1995,4.7,3,1,1,0,2,1,2,50,1,2,0,2,4,7,5,0
402,FW,Netherlands,32-113,1990,0.6,2,1,0,2,0,0,0,,0,0,0,0,0,2,1,0
403,DF,IR Iran,26-181,1996,3,7,4,6,1,0,6,9,66.7,3,3,2,1,6,13,11,0
404,DF,Switzerland,27-152,1995,4,4,2,2,0,2,3,4,75,1,4,3,1,3,7,12,0
405,GK,Germany,36-266,1986,3,0,0,0,0,0,0,0,,0,0,0,0,0,0,0,2
406,MF,Croatia,30-032,1992,6.1,13,7,8,2,3,3,10,30,7,13,7,6,4,17,7,0
407,FW,Spain,26-331,1996,2.5,1,1,0,0,1,0,0,,0,1,0,1,0,1,0,0
408,DF,Argentina,31-051,1991,4.1,12,8,9,2,1,6,7,85.7,1,8,1,7,2,14,9,0
409,DF,Spain,27-322,1995,1.3,0,0,0,0,0,0,4,0,4,0,0,0,0,0,0,0
410,FW,England,25-048,1997,1.6,1,0,0,0,1,1,2,50,1,2,0,2,1,2,1,0
411,FW,France,25-134,1997,1.7,3,2,1,1,1,0,0,,0,2,0,2,0,3,2,0
412,MF,Germany,30-198,1992,0.4,1,0,1,0,0,1,1,100,0,2,0,2,0,1,0,0
413,FW,Croatia,27-312,1995,3,7,5,2,4,1,3,7,42.9,4,6,2,4,3,10,3,0
414,MF,Canada,28-016,1994,0.7,2,1,1,1,0,2,3,66.7,1,0,0,0,0,2,0,0
415,MF,Serbia,26-249,1996,0.1,1,1,1,0,0,1,2,50,1,0,0,0,0,1,1,0
416,FW,Croatia,29-114,1993,2.7,2,2,0,1,1,1,3,33.3,2,1,0,1,1,3,1,0
417,DF,Brazil,28-218,1994,4.7,5,4,3,2,0,4,5,80,1,6,1,5,2,7,6,0
418,MF,Netherlands,31-264,1991,2,7,5,3,3,1,1,5,20,4,4,0,4,2,9,6,0
419,FW,Denmark,31-196,1991,1.1,0,0,0,0,0,0,0,,0,0,0,0,0,0,0,0
420,MF,Cameroon,24-277,1998,1.3,0,0,0,0,0,0,0,,0,2,1,1,2,2,3,0
421,FW,Brazil,21-183,2001,1.3,2,1,1,1,0,1,2,50,1,2,0,2,0,2,1,0
422,DF,Uruguay,35-255,1987,1,0,0,0,0,0,0,2,0,2,0,0,0,0,0,2,0
423,MF,England,23-342,1999,2.1,2,2,1,0,1,0,0,,0,2,0,2,0,2,0,0
424,MF,Croatia,28-226,1994,7.1,24,17,10,11,3,4,11,36.4,7,4,1,3,4,28,5,0
425,MF,Portugal,24-113,1998,0.8,0,0,0,0,0,0,0,,0,1,0,1,0,0,0,0
426,MF,Australia,31-317,1991,3.7,4,4,1,3,0,2,5,40,3,5,0,5,1,5,6,0
427,GK,Australia,30-254,1992,4,0,0,0,0,0,0,0,,0,0,0,0,0,0,6,1
428,MF,Denmark,26-351,1996,0.9,1,0,0,1,0,1,1,100,0,2,0,2,0,1,0,0
429,DF,Uruguay,25-048,1997,2.8,9,5,7,2,0,4,7,57.1,3,9,0,9,2,11,10,0
430,GK,United States,28-177,1994,4,0,0,0,0,0,0,0,,0,0,0,0,0,0,1,0
431,DF,Germany,28-333,1994,0,0,0,0,0,0,0,0,,0,0,0,0,0,0,0,0
432,DF,Netherlands,23-128,1999,1,0,0,0,0,0,0,0,,0,0,0,0,0,0,4,0
433,DF,Poland,25-133,1997,4,4,3,3,1,0,3,6,50,3,7,2,5,0,4,17,0
434,FW,France,23-248,1999,0.9,1,1,0,1,0,0,1,0,1,0,0,0,0,1,0,0
435,MF,Uruguay,31-116,1991,2.2,4,3,1,2,1,1,3,33.3,2,6,2,4,4,8,1,0
436,DF,Uruguay,25-039,1997,0.2,4,3,4,0,0,2,2,100,0,0,0,0,0,4,0,0
437,FW,Uruguay,26-126,1996,0.3,0,0,0,0,0,0,0,,0,0,0,0,0,0,0,0
438,DF,Japan,34-116,1988,4.3,4,4,0,4,0,1,1,100,0,6,3,3,3,7,24,0
439,FW,IR Iran,30-153,1992,3,4,3,2,2,0,2,5,40,3,5,1,4,2,6,3,0
440,MF,IR Iran,28-099,1994,0.7,1,0,1,0,0,1,3,33.3,2,1,0,1,2,3,0,0
441,FW,Netherlands,28-308,1994,3.3,1,1,0,1,0,1,2,50,1,4,0,4,1,2,0,1
442,GK,Qatar,24-307,1998,2,0,0,0,0,0,0,0,,0,0,0,0,0,0,1,1
443,FW,Ecuador,26-255,1996,2.5,1,0,0,1,0,0,1,0,1,4,1,3,0,1,0,0
444,MF,Poland,22-306,2000,0.5,0,0,0,0,0,0,0,,0,1,0,1,1,1,0,0
445,MF,Switzerland,25-346,1997,0.2,0,0,0,0,0,0,1,0,1,0,0,0,0,0,0,0
446,FW,Belgium,29-077,1993,1.7,1,0,0,1,0,1,1,100,0,1,0,1,0,1,0,0
447,DF,Japan,28-361,1993,0.7,1,0,0,1,0,0,0,,0,2,0,2,2,3,0,0
448,MF,Denmark,22-168,2000,1.7,4,2,2,2,0,0,4,0,4,2,0,2,2,6,1,0
449,DF,IR Iran,29-080,1993,2.2,10,3,7,3,0,3,4,75,1,2,0,2,1,11,6,0
450,GK,Canada,35-056,1987,3,0,0,0,0,0,0,0,,0,0,0,0,0,0,2,1
451,DF,Australia,28-234,1994,2,6,4,6,0,0,5,6,83.3,1,2,1,1,1,7,9,0
452,DF,Serbia,27-083,1995,2.5,4,1,4,0,0,2,2,100,0,2,2,0,0,4,7,0
453,FW,Croatia,29-354,1992,1.8,3,3,1,1,1,2,6,33.3,4,2,0,2,0,3,1,0
454,FW,Australia,31-334,1991,3,0,0,0,0,0,0,0,,0,5,0,5,2,2,1,0
455,MF,Tunisia,23-103,1999,0.8,5,4,1,4,0,3,3,100,0,1,0,1,0,5,0,0
456,DF,Tunisia,26-176,1996,1.5,5,3,3,2,0,4,4,100,0,0,0,0,1,6,4,0
457,MF,Saudi Arabia,28-087,1994,3,6,2,5,1,0,1,2,50,1,3,1,2,2,8,7,0
458,DF,Saudi Arabia,30-094,1992,0.7,1,0,1,0,0,0,0,,0,2,0,2,1,2,4,0
459,GK,Saudi Arabia,31-069,1991,3,0,0,0,0,0,0,1,0,1,0,0,0,0,0,4,0
460,FW,Qatar,28-363,1993,0.7,2,2,1,1,0,1,1,100,0,0,0,0,0,2,2,0
461,DF,Ghana,23-245,1999,3,2,1,2,0,0,1,1,100,0,5,4,1,3,5,17,0
462,MF,Qatar,23-091,1999,0.3,0,0,0,0,0,0,0,,0,1,0,1,1,1,1,0
463,MF,Ecuador,21-046,2001,3,6,5,2,4,0,0,3,0,3,4,0,4,2,8,2,1
464,DF,Tunisia,24-206,1998,3,2,2,1,1,0,0,0,,0,7,1,6,2,4,18,0
465,DF,IR Iran,30-243,1992,3,2,2,0,1,1,1,2,50,1,5,3,2,6,8,10,0
466,FW,Cameroon,28-162,1994,1.1,3,1,2,1,0,1,1,100,0,0,0,0,0,3,0,0
467,GK,Morocco,33-222,1989,1,0,0,0,0,0,0,0,,0,0,0,0,0,0,0,0
468,DF,Qatar,29-083,1993,0.1,1,1,1,0,0,0,0,,0,0,0,0,0,1,0,0
469,FW,Korea Republic,26-128,1996,1.3,4,1,0,3,1,1,1,100,0,0,0,0,0,4,2,0
470,DF,Tunisia,27-303,1995,1,2,2,2,0,0,1,1,100,0,4,4,0,1,3,4,0
471,DF,Argentina,24-256,1998,6.3,8,4,6,2,0,4,8,50,4,7,1,6,3,11,11,0
472,MF,Senegal,30-178,1992,3,4,4,3,1,0,2,4,50,2,4,0,4,3,7,3,0
473,FW,Saudi Arabia,23-364,1998,0.1,2,1,2,0,0,0,0,,0,0,0,0,0,2,0,0
474,DF,Netherlands,27-303,1995,5.3,6,3,4,2,0,3,3,100,0,3,2,1,8,14,20,0
475,DF,Australia,23-188,1999,0.9,4,3,3,1,0,4,6,66.7,2,1,1,0,1,5,2,1
476,MF,Saudi Arabia,32-326,1990,1,0,0,0,0,0,0,0,,0,0,0,0,1,1,0,0
477,DF,Morocco,26-263,1996,3.9,4,2,4,0,0,2,2,100,0,3,2,1,4,8,12,0
478,MF,Tunisia,30-144,1992,1.3,3,1,0,2,1,0,1,0,1,0,0,0,0,3,1,0
479,DF,Wales,21-249,2001,2.3,5,3,3,0,2,3,4,75,1,5,1,4,4,9,5,0
480,MF,Serbia,31-032,1991,1,2,2,1,0,1,2,2,100,0,2,0,2,2,4,1,1
481,MF,Serbia,27-326,1995,1.4,4,2,0,3,1,2,3,66.7,1,3,0,3,3,7,3,0
482,DF,Serbia,26-306,1996,0.7,0,0,0,0,0,0,1,0,1,0,0,0,0,0,1,0
483,MF,Brazil,30-316,1992,3.1,1,0,0,1,0,0,0,,0,2,0,2,1,2,0,0
484,FW,Germany,29-312,1993,0.8,0,0,0,0,0,0,0,,0,0,0,0,0,0,0,0
485,DF,Switzerland,26-079,1996,2,2,0,1,0,1,1,3,33.3,2,5,3,2,1,3,13,0
486,DF,Germany,23-017,1999,1,4,3,2,2,0,3,3,100,0,2,1,1,1,5,1,0
487,FW,Spain,20-159,2002,1.6,4,2,1,2,1,1,1,100,0,2,0,2,0,4,0,0
488,MF,Poland,20-329,2002,0.7,4,0,4,0,0,2,4,50,2,1,0,1,0,4,0,0
489,FW,Senegal,21-181,2001,0.2,0,0,0,0,0,0,0,,0,0,0,0,0,0,0,0
490,DF,Cameroon,32-266,1990,2,2,0,2,0,0,0,2,0,2,2,0,2,5,7,8,1
491,MF,Uruguay,25-200,1997,0.4,0,0,0,0,0,0,1,0,1,0,0,0,0,0,0,0
492,DF,Argentina,34-309,1988,7.7,10,6,7,3,0,5,7,71.4,2,6,2,4,9,19,24,0
493,DF,Argentina,30-109,1992,4.1,7,7,2,3,2,4,4,100,0,9,1,8,9,16,9,0
494,DF,Germany,27-106,1995,3,5,4,4,1,0,3,3,100,0,1,1,0,0,5,7,0
495,DF,Serbia,25-067,1997,3,10,5,4,5,1,5,6,83.3,1,6,4,2,6,16,10,1
496,FW,Croatia,25-075,1997,2.3,1,1,1,0,0,0,1,0,1,2,0,2,1,2,0,0
497,MF,Netherlands,23-184,1999,0.1,0,0,0,0,0,0,1,0,1,1,1,0,1,1,1,0
498,FW,Switzerland,22-208,2000,0.5,0,0,0,0,0,0,0,,0,1,0,1,0,0,0,0
499,DF,Cameroon,25-178,1997,3,8,5,8,0,0,3,5,60,2,5,2,3,6,14,10,0
500,DF,Morocco,25-034,1997,4.1,14,9,8,4,2,8,11,72.7,3,6,1,5,1,15,16,0
501,DF,Portugal,20-182,2002,0.5,0,0,0,0,0,0,0,,0,1,0,1,2,2,0,0
502,DF,Mexico,31-111,1991,1,1,1,1,0,0,1,1,100,0,0,0,0,3,4,1,0
503,FW,France,36-079,1986,4.7,1,0,0,1,0,0,3,0,3,1,0,1,1,2,5,0
504,MF,Cameroon,26-312,1996,0.3,0,0,0,0,0,0,0,,0,0,0,0,0,0,1,0
505,MF,Mexico,26-269,1996,0.8,4,3,2,1,1,2,3,66.7,1,2,0,2,0,4,0,0
506,MF,Ghana,24-005,1998,0.7,0,0,0,0,0,0,0,,0,0,0,0,1,1,1,0
507,MF,Portugal,27-312,1995,2.2,7,7,1,5,1,3,5,60,2,0,0,0,1,8,1,0
508,FW,France,25-217,1997,4.8,11,6,5,3,3,6,9,66.7,3,2,0,2,3,14,0,0
509,FW,Spain,30-221,1992,0,0,0,0,0,0,0,0,,0,0,0,0,0,0,0,0
510,MF,Korea Republic,25-276,1997,0.3,3,2,1,2,0,2,2,100,0,0,0,0,0,3,0,0
511,DF,Senegal,27-095,1995,1.2,0,0,0,0,0,0,0,,0,2,2,0,2,2,6,0
512,MF,Senegal,23-328,1999,1.7,4,2,0,4,0,2,2,100,0,2,0,2,2,6,2,0
513,MF,Senegal,20-095,2002,0.7,3,2,1,2,0,1,1,100,0,1,0,1,0,3,2,0
514,MF,Argentina,34-306,1988,1.2,2,0,0,1,1,0,1,0,1,1,0,1,1,3,0,0
515,MF,Senegal,28-277,1994,1.6,3,3,1,2,0,0,2,0,2,1,1,0,2,5,4,0
516,DF,Spain,25-336,1997,1,0,0,0,0,0,0,0,,0,1,1,0,0,0,2,0
517,FW,Argentina,29-033,1993,0.2,3,1,0,2,1,0,0,,0,0,0,0,0,3,1,0
518,MF,Spain,20-023,2002,4,4,2,2,2,0,1,6,16.7,5,5,0,5,4,8,3,0
519,FW,Brazil,25-181,1997,0.7,2,2,2,0,0,1,1,100,0,0,0,0,1,3,0,0
520,DF,Portugal,39-295,1983,4,5,0,4,1,0,3,4,75,1,6,4,2,6,11,11,0
521,DF,Ecuador,24-331,1998,3,6,3,4,2,0,2,6,33.3,4,4,1,3,3,9,6,0
522,FW,England,22-204,2000,2.9,1,1,0,0,1,0,1,0,1,2,0,2,1,2,0,0
523,DF,Ecuador,20-343,2002,3,7,4,5,2,0,2,3,66.7,1,2,0,2,2,9,9,0
524,MF,Denmark,27-135,1995,3,4,2,2,2,0,3,6,50,3,3,1,2,3,7,6,0
525,MF,Cameroon,27-145,1995,1.5,4,2,3,1,0,0,2,0,2,0,0,0,4,8,4,0
526,MF,Poland,28-212,1994,3.6,7,5,3,3,1,1,4,25,3,1,0,1,1,8,7,0
527,MF,Poland,27-250,1995,2.7,7,4,4,1,2,2,6,33.3,4,1,1,0,3,10,5,0
528,FW,Portugal,23-191,1999,1,0,0,0,0,0,0,0,,0,0,0,0,1,1,0,0
529,FW,England,28-010,1994,1.7,1,1,0,1,0,0,2,0,2,1,0,1,1,2,0,0
530,DF,IR Iran,32-272,1990,2,7,5,5,2,0,3,7,42.9,4,1,0,1,3,10,2,0
531,FW,France,24-013,1998,2,7,5,1,3,3,3,3,100,0,1,0,1,1,8,1,0
532,DF,Portugal,28-361,1993,3.1,3,2,2,1,0,1,2,50,1,3,0,3,3,6,2,0
533,DF,France,29-237,1993,5.8,1,0,0,1,0,0,2,0,2,4,3,1,6,7,15,0
534,FW,Brazil,26-004,1996,3.5,8,6,3,2,3,6,8,75,2,3,0,3,3,11,0,0
535,DF,Denmark,25-160,1997,2.5,8,7,5,3,0,4,8,50,4,3,1,2,1,9,7,0
536,FW,Mexico,31-227,1991,0.7,0,0,0,0,0,0,0,,0,0,0,0,1,1,1,0
537,MF,Switzerland,30-247,1992,3.6,8,5,3,5,0,4,6,66.7,2,3,0,3,3,11,3,1
538,FW,Switzerland,31-045,1991,0.4,0,0,0,0,0,0,0,,0,1,0,1,0,0,0,0
539,FW,Portugal,28-094,1994,1.3,2,1,1,0,1,1,1,100,0,1,1,0,1,3,0,0
540,DF,Switzerland,30-115,1992,4,7,2,5,2,0,2,3,66.7,1,1,0,1,0,7,8,0
541,FW,Brazil,25-222,1997,3.6,2,2,0,1,1,0,0,,0,4,0,4,1,3,4,0
542,DF,Canada,27-345,1995,1.8,3,1,1,2,0,2,2,100,0,2,1,1,0,3,3,0
543,FW,Australia,24-046,1998,2.9,2,1,1,0,1,0,1,0,1,5,0,5,5,7,3,0
544,FW,Japan,24-185,1998,2.4,6,5,1,4,1,1,3,33.3,2,4,1,3,3,9,2,0
545,MF,Saudi Arabia,29-234,1993,0.6,0,0,0,0,0,0,0,,0,1,1,0,2,2,4,0
546,MF,Costa Rica,20-231,2002,0,0,0,0,0,0,0,0,,0,1,0,1,0,0,1,0
547,FW,Poland,34-119,1988,4,2,2,0,2,0,0,3,0,3,3,1,2,1,3,8,0
548,DF,Denmark,26-212,1996,0.2,0,0,0,0,0,0,0,,0,0,0,0,0,0,0,0
549,FW,Mexico,24-102,1998,0.2,0,0,0,0,0,0,0,,0,0,0,0,0,0,0,0
550,DF,Spain,26-179,1996,4.3,5,2,3,1,1,2,2,100,0,3,2,1,3,8,9,0
551,MF,Uruguay,25-176,1997,2.4,9,8,4,4,1,3,3,100,0,3,0,3,7,16,5,0
552,MF,Argentina,28-208,1994,6.7,11,6,6,4,1,8,13,61.5,5,8,0,8,7,18,3,0
553,MF,Brazil,21-343,2001,2,4,1,0,1,3,0,4,0,4,6,1,5,2,6,1,0
554,FW,Mexico,31-288,1991,0.1,1,0,0,1,0,0,0,,0,0,0,0,0,1,0,0
555,DF,Morocco,32-267,1990,5.2,5,2,2,2,1,2,5,40,3,3,1,2,3,8,30,1
556,MF,Ecuador,28-085,1994,0.8,0,0,0,0,0,0,0,,0,1,0,1,1,1,2,0
557,FW,Belgium,29-219,1993,0.6,0,0,0,0,0,0,0,,0,0,0,0,0,0,1,0
558,DF,IR Iran,29-147,1993,0.6,0,0,0,0,0,0,0,,0,1,1,0,2,2,3,0
559,FW,Switzerland,24-135,1998,3.2,0,0,0,0,0,0,0,,0,2,0,2,1,1,4,0
560,MF,Wales,20-235,2002,0.1,0,0,0,0,0,0,1,0,1,1,0,1,0,0,0,0
561,DF,Qatar,32-134,1990,2.9,6,4,3,2,1,1,2,50,1,2,0,2,8,14,3,0
562,DF,Costa Rica,28-162,1994,0.3,0,0,0,0,0,0,0,,0,1,0,1,0,0,0,0
563,DF,Portugal,25-218,1997,4,4,4,2,2,0,0,1,0,1,2,0,2,3,7,9,0
564,MF,Portugal,25-280,1997,3,2,1,0,0,2,0,6,0,6,3,1,2,3,5,5,0
565,GK,Qatar,32-302,1990,1,0,0,0,0,0,0,0,,0,0,0,0,0,0,0,0
566,DF,IR Iran,26-292,1996,1,1,1,0,1,0,0,2,0,2,1,0,1,1,2,3,0
567,MF,IR Iran,26-078,1996,2.4,6,1,1,3,2,2,8,25,6,3,0,3,2,8,4,0
568,FW,Saudi Arabia,29-047,1993,2.5,3,1,0,1,2,0,1,0,1,3,1,2,0,3,2,0
569,MF,Saudi Arabia,31-121,1991,3,5,4,3,2,0,1,2,50,1,1,0,1,1,6,2,0
570,MF,Ghana,22-267,2000,2.8,2,2,0,2,0,0,1,0,1,2,1,1,4,6,8,0
571,MF,Saudi Arabia,33-139,1989,0.5,1,0,0,1,0,0,1,0,1,2,0,2,0,1,0,0
572,DF,Canada,27-336,1995,1.1,0,0,0,0,0,0,0,,0,1,0,1,1,1,1,0
573,MF,IR Iran,29-103,1993,0.5,1,0,1,0,0,0,1,0,1,0,0,0,0,1,0,0
574,MF,Saudi Arabia,25-314,1997,0.5,0,0,0,0,0,0,0,,0,1,0,1,0,0,0,0
575,MF,Cameroon,25-005,1997,1.1,1,1,0,1,0,0,0,,0,0,0,0,0,1,3,0
576,FW,IR Iran,27-351,1995,1.4,0,0,0,0,0,0,1,0,1,0,0,0,0,0,1,0
577,DF,Saudi Arabia,23-153,1999,3,5,2,2,2,1,2,2,100,0,3,0,3,2,7,6,0
578,MF,Serbia,26-127,1996,2.7,2,0,0,2,0,0,2,0,2,2,0,2,1,3,5,1
579,MF,Poland,23-222,1999,1.5,6,3,3,2,1,0,1,0,1,4,1,3,2,8,1,0
580,DF,Uruguay,32-072,1990,2,1,0,0,1,0,0,0,,0,3,1,2,1,2,6,0
581,MF,Morocco,26-033,1996,4.5,13,9,4,6,3,6,11,54.5,5,6,1,5,8,21,3,0
582,FW,Germany,27-157,1995,2.9,5,2,1,2,2,4,5,80,1,2,0,2,2,7,3,0
583,MF,Serbia,27-294,1995,2.6,5,1,2,3,0,3,4,75,1,5,2,3,2,7,5,0
584,MF,Spain,34-155,1988,4,7,4,3,3,1,3,5,60,2,2,0,2,1,8,1,0
585,GK,Uruguay,29-270,1993,3,0,0,0,0,0,0,0,,0,0,0,0,0,0,1,1
586,DF,United States,22-045,2000,3.4,4,2,2,1,1,2,3,66.7,1,3,0,3,2,6,7,0
587,DF,United States,26-046,1996,0.2,2,2,1,1,0,2,2,100,0,0,0,0,0,2,3,0
588,DF,Japan,31-156,1991,2.3,1,0,0,1,0,0,0,,0,2,2,0,1,2,10,0
589,GK,Japan,33-290,1989,4.3,0,0,0,0,0,0,0,,0,0,0,0,0,0,1,1
590,DF,Switzerland,29-288,1993,2.9,10,6,9,1,0,6,6,100,0,3,0,3,2,12,15,0
591,DF,Denmark,33-267,1989,0.7,0,0,0,0,0,0,0,,0,1,1,0,5,5,2,0
592,FW,Morocco,29-092,1993,5.3,11,5,7,4,0,3,6,50,3,9,0,9,2,13,1,0
593,MF,Morocco,26-119,1996,7.3,16,10,15,1,0,9,14,64.3,5,2,1,1,6,22,10,0
594,FW,Korea Republic,30-163,1992,4,5,2,4,1,0,4,4,100,0,2,0,2,2,7,0,1
595,MF,Korea Republic,30-220,1992,0.8,3,3,0,3,0,2,2,100,0,3,1,2,3,6,0,0
596,MF,Wales,23-118,1999,0,1,1,1,0,0,0,0,,0,0,0,0,0,1,0,0
597,DF,Serbia,26-240,1996,0.1,1,0,1,0,0,1,3,33.3,2,0,0,0,0,1,1,0
598,DF,Serbia,32-210,1990,0.4,0,0,0,0,0,0,2,0,2,0,0,0,0,0,0,0
599,MF,Canada,25-362,1996,1.4,4,2,2,2,0,1,3,33.3,2,0,0,0,2,6,6,0
600,GK,France,37-265,1985,1,0,0,0,0,0,0,0,,0,0,0,0,0,0,0,0
601,MF,Netherlands,30-364,1991,2.2,2,1,1,0,1,1,2,50,1,1,0,1,0,2,0,0
602,FW,Netherlands,25-071,1997,2.4,1,1,1,0,0,0,1,0,1,2,0,2,0,1,0,0
603,DF,Canada,35-341,1987,3,3,3,1,2,0,3,3,100,0,4,2,2,0,3,7,0
604,DF,Serbia,21-208,2001,2.6,7,2,4,3,0,3,6,50,3,6,1,5,1,8,7,0
605,DF,Saudi Arabia,28-226,1994,1.4,0,0,0,0,0,0,1,0,1,3,1,2,2,2,3,0
606,FW,Tunisia,30-346,1992,0.3,0,0,0,0,0,0,0,,0,0,0,0,0,0,0,0
607,MF,Canada,23-313,1999,2.9,1,1,1,0,0,1,5,20,4,3,0,3,3,4,0,0
608,FW,Japan,21-197,2001,1,1,1,0,1,0,0,0,,0,3,0,3,0,1,0,0
609,DF,Japan,24-043,1998,2.1,0,0,0,0,0,0,0,,0,2,2,0,0,0,7,1
610,FW,Japan,28-038,1994,1.8,0,0,0,0,0,0,0,,0,0,0,0,1,1,1,0
611,FW,Japan,27-336,1995,0.7,2,1,1,1,0,2,2,100,0,0,0,0,0,2,1,0
612,DF,Qatar,25-013,1997,0.1,1,0,1,0,0,0,0,,0,0,0,0,1,2,0,0
613,DF,Ghana,22-079,2000,1.1,3,1,3,0,0,3,4,75,1,1,1,0,1,4,4,0
614,MF,Netherlands,24-293,1998,2.4,10,5,2,8,0,5,8,62.5,3,2,1,1,4,14,4,0
615,DF,France,25-073,1997,5.6,16,13,11,5,0,10,15,66.7,5,5,2,3,4,20,8,1
616,MF,Argentina,21-236,2001,0.1,0,0,0,0,0,0,0,,0,0,0,0,0,0,0,0
617,DF,Brazil,38-087,1984,4.3,3,1,0,2,1,0,0,,0,3,1,2,5,8,6,0
618,GK,Belgium,30-221,1992,3,0,0,0,0,0,0,0,,0,0,0,0,0,0,0,1
619,DF,Germany,26-088,1996,0.8,6,2,4,1,1,3,3,100,0,1,0,1,3,9,2,0
620,MF,Denmark,31-106,1991,0.5,1,1,0,1,0,0,0,,0,0,0,0,0,1,1,0
621,DF,Belgium,31-097,1991,2.3,6,6,3,3,0,4,5,80,1,1,0,1,2,8,5,0
622,FW,Germany,33-096,1989,2.2,2,2,0,1,1,1,2,50,1,4,0,4,1,3,0,0
623,MF,Ghana,29-188,1993,3,9,5,8,1,0,4,4,100,0,8,2,6,0,9,8,0
624,FW,Belgium,29-264,1993,1.2,3,2,2,0,1,0,2,0,2,4,0,4,0,3,0,0
625,DF,United States,35-074,1987,4,4,3,1,3,0,3,3,100,0,2,1,1,4,8,12,0
626,DF,Belgium,27-013,1995,3,7,4,6,1,0,4,6,66.7,2,1,0,1,2,9,4,0
627,FW,United States,22-299,2000,3.5,0,0,0,0,0,0,1,0,1,5,0,5,0,0,0,0
628,DF,Belgium,33-291,1989,3,4,2,4,0,0,2,5,40,3,3,1,2,0,4,19,0
629,DF,England,24-072,1998,0.4,0,0,0,0,0,0,0,,0,1,0,1,0,0,0,0
630,MF,United States,23-307,1999,4,11,9,7,4,0,3,7,42.9,4,6,0,6,4,15,6,0
631,GK,Spain,25-190,1997,4.3,0,0,0,0,0,0,0,,0,0,0,0,0,0,2,3
632,FW,Mexico,25-119,1997,0.9,4,3,1,2,1,2,2,100,0,1,0,1,0,4,0,0
633,GK,Serbia,25-301,1997,3,0,0,0,0,0,0,0,,0,0,0,0,1,1,2,0
634,DF,Denmark,24-065,1998,1,0,0,0,0,0,0,1,0,1,2,1,1,2,2,1,0
635,FW,Cameroon,30-330,1992,1.6,0,0,0,0,0,0,0,,0,0,0,0,0,0,4,0
636,FW,Netherlands,28-186,1994,1,2,0,0,1,1,0,1,0,1,2,0,2,0,2,1,0
637,FW,Brazil,22-159,2000,3.3,3,1,1,1,1,0,2,0,2,5,1,4,0,3,0,0
638,DF,Netherlands,31-163,1991,5.3,2,1,0,2,0,1,2,50,1,8,7,1,4,6,21,0
639,MF,Portugal,22-308,2000,1.3,3,2,1,1,1,2,4,50,2,0,0,0,1,4,1,0
640,FW,Tunisia,31-313,1991,0.9,2,0,1,1,0,1,1,100,0,0,0,0,0,2,0,0
641,DF,Tunisia,27-043,1995,1.2,3,3,3,0,0,1,1,100,0,3,1,2,0,3,4,0
642,FW,Morocco,24-330,1998,0.7,1,0,0,1,0,0,0,,0,0,0,0,0,1,2,0
643,DF,United States,29-213,1993,3.1,3,2,3,0,0,3,4,75,1,4,3,1,4,7,15,0
644,MF,Japan,29-312,1993,3.4,8,4,4,4,0,3,5,60,2,8,3,5,3,11,6,0
645,GK,Wales,35-328,1987,1.9,0,0,0,0,0,0,0,,0,0,0,0,0,0,0,0
646,MF,United States,24-112,1998,3,2,1,1,0,1,1,4,25,3,4,0,4,0,2,5,0
647,MF,Portugal,30-255,1992,2.4,6,5,4,2,0,1,2,50,1,2,0,2,0,6,3,0
648,DF,France,21-269,2001,0.3,0,0,0,0,0,0,0,,0,1,0,1,0,0,0,0
649,GK,Poland,32-244,1990,4,0,0,0,0,0,0,0,,0,0,0,0,0,0,4,0
650,FW,Netherlands,30-133,1992,0.7,0,0,0,0,0,0,0,,0,1,1,0,0,0,1,0
651,GK,Brazil,35-005,1987,0.1,0,0,0,0,0,0,0,,0,0,0,0,0,0,0,0
652,FW,Netherlands,19-241,2003,0.1,1,0,1,0,0,0,1,0,1,0,0,0,0,1,0,0
653,FW,Switzerland,31-069,1991,2.5,0,0,0,0,0,0,1,0,1,0,0,0,0,0,0,0
654,DF,Morocco,27-291,1995,3.5,4,2,3,1,0,3,7,42.9,4,4,0,4,0,4,15,0
655,MF,Morocco,31-183,1991,0.2,,0,,,,,,,,,,,0,,,
656,GK,Switzerland,34-001,1988,3,0,0,0,0,0,0,0,,0,0,0,0,0,0,0,0
657,FW,Belgium,29-105,1993,1.3,5,4,4,0,1,5,7,71.4,2,2,0,2,1,6,4,0
658,DF,Saudi Arabia,30-207,1992,1,3,1,0,3,0,1,1,100,0,0,0,0,6,9,6,0
659,GK,Morocco,31-257,1991,6.3,0,0,0,0,0,0,0,,0,0,0,0,0,0,5,0
660,DF,Tunisia,29-169,1993,3,4,2,3,0,1,3,8,37.5,5,5,0,5,1,5,20,0
661,MF,Costa Rica,30-276,1992,3,4,2,3,1,0,1,6,16.7,5,7,5,2,1,5,7,0
662,MF,Belgium,25-225,1997,1.1,3,1,1,2,0,1,1,100,0,4,1,3,2,5,0,0
663,FW,Morocco,25-200,1997,6,3,2,2,1,0,0,2,0,2,5,0,5,1,4,11,0
664,MF,Tunisia,32-051,1990,1.9,3,1,1,2,0,0,1,0,1,2,1,1,0,3,1,0
665,MF,France,23-342,1999,2.5,8,5,3,4,1,1,4,25,3,6,1,5,3,11,0,0
666,DF,Senegal,29-288,1993,4,6,6,4,1,1,3,5,60,2,1,0,1,4,10,9,0
667,FW,Germany,18-028,2004,0,0,0,0,0,0,0,0,,0,0,0,0,0,0,0,0
668,DF,Costa Rica,26-184,1996,0.5,5,1,4,1,0,3,7,42.9,4,3,1,2,0,5,1,0
669,FW,Japan,25-296,1997,0.9,2,0,0,2,0,0,1,0,1,0,0,0,0,2,0,0
670,MF,United States,20-019,2002,3.8,8,6,4,4,0,1,3,33.3,2,7,0,7,2,10,1,0
671,MF,Japan,36-097,1986,2.3,4,2,1,2,1,1,1,100,0,2,0,2,0,4,3,0
672,FW,Morocco,22-303,2000,0.9,1,1,0,1,0,0,1,0,1,2,0,2,1,2,1,0
673,FW,Spain,30-056,1992,2.1,1,1,1,0,0,1,2,50,1,2,1,1,0,1,2,0
674,MF,Costa Rica,20-284,2002,0.3,2,0,0,1,1,1,1,100,0,0,0,0,1,3,0,0
675,MF,Argentina,27-284,1995,0.1,1,1,1,0,0,0,0,,0,0,0,0,0,1,1,0
676,MF,Argentina,34-307,1988,3.2,3,1,2,0,1,1,3,33.3,2,3,0,3,1,4,0,0
677,DF,Ecuador,24-303,1998,2.9,7,5,3,3,1,2,4,50,2,2,0,2,6,13,4,0
678,DF,Brazil,24-334,1998,3.9,7,6,4,1,2,3,4,75,1,1,0,1,3,10,5,0
679,DF,Costa Rica,33-198,1989,3,4,2,4,0,0,2,2,100,0,3,1,2,6,10,15,0
680,MF,Germany,32-055,1990,2.1,3,1,1,2,0,0,1,0,1,2,0,2,1,4,1,0