player,position,team,age,birth_year,games,games_starts,minutes,minutes_90s,goals,assists,goals_pens,pens_made,pens_att,cards_yellow,cards_red,goals_per90,assists_per90,goals_assists_per90,goals_pens_per90,goals_assists_pens_per90,xg,npxg,xg_assist,npxg_xg_assist,xg_per90,xg_assist_per90,xg_xg_assist_per90,npxg_per90,npxg_xg_assist_per90
1,MF,Australia,32-094,1990,4,4,360,4,0,0,0,0,0,1,0,0,0,0,0,0,0,0,0.1,0.1,0.01,0.02,0.03,0.01,0.03
2,MF,Wales,31-357,1990,3,3,266,3,0,0,0,0,0,1,0,0,0,0,0,0,0,0,0,0.1,0.01,0.01,0.02,0.01,0.02
3,MF,Morocco,26-020,1996,5,2,181,2,0,1,0,0,0,1,0,0,0.5,0.5,0,0.5,0.1,0.1,0.9,1,0.08,0.53,0.6,0.08,0.6
4,DF,Qatar,29-112,1993,3,3,270,3,0,0,0,0,0,0,0,0,0,0,0,0,0.3,0.3,0,0.3,0.1,0.01,0.11,0.1,0.11
5,FW,Morocco,32-001,1990,4,0,68,0.8,0,0,0,0,0,0,0,0,0,0,0,0,0.4,0.4,0,0.4,0.52,0,0.52,0.52,0.52
6,FW,Morocco,21-001,2001,3,0,93,1,0,0,0,0,0,0,0,0,0,0,0,0,0.1,0.1,0.3,0.3,0.09,0.39,0.49,0.09,0.49
7,DF,Senegal,26-228,1996,4,4,331,3.7,0,0,0,0,0,0,0,0,0,0,0,0,0,0,0.1,0.1,0.01,0.02,0.03,0.01,0.03
8,FW,Ghana,18-285,2004,1,0,1,0,0,0,0,0,0,0,0,0,0,0,0,0,0,0,0,0,0,0,0,0,0
9,MF,Qatar,32-051,1990,3,2,196,2.2,0,0,0,0,0,0,0,0,0,0,0,0,0,0,0,0,0.01,0.01,0.02,0.01,0.02
10,DF,Saudi Arabia,25-337,1997,3,2,182,2,0,0,0,0,0,2,0,0,0,0,0,0,0.1,0.1,0,0.1,0.03,0,0.03,0.03,0.03
11,MF,Saudi Arabia,28-068,1994,2,2,174,1.9,0,0,0,0,0,2,0,0,0,0,0,0,0.1,0.1,0,0.1,0.06,0,0.06,0.06,0.06
12,DF,Saudi Arabia,29-156,1993,1,0,45,0.5,0,0,0,0,0,1,0,0,0,0,0,0,0,0,0,0,0,0,0,0,0
13,MF,Saudi Arabia,27-200,1995,2,0,35,0.4,0,0,0,0,0,0,0,0,0,0,0,0,0.1,0.1,0,0.1,0.18,0.06,0.24,0.18,0.24
14,DF,IR Iran,24-175,1998,1,0,19,0.2,0,0,0,0,0,1,0,0,0,0,0,0,0,0,0,0,0,0,0,0,0
15,DF,Morocco,23-226,1999,3,2,187,2.1,1,0,1,0,0,1,0,0.48,0,0.48,0.48,0.48,0.6,0.6,0,0.6,0.3,0,0.3,0.3,0.3
16,DF,Morocco,24-044,1998,7,7,631,7,0,1,0,0,0,0,0,0,0.14,0.14,0,0.14,0.1,0.1,0.5,0.6,0.02,0.07,0.09,0.02,0.09
17,MF,France,27-259,1995,6,5,483,5.4,1,1,1,0,0,1,0,0.19,0.19,0.37,0.19,0.37,1.1,1.1,0.9,1.9,0.2,0.16,0.36,0.2,0.36
18,MF,Uruguay,24-078,1998,1,0,11,0.1,0,0,0,0,0,0,0,0,0,0,0,0,0,0,0,0,0,0,0,0,0
19,MF,IR Iran,29-319,1993,3,3,223,2.5,0,0,0,0,0,0,0,0,0,0,0,0,0.1,0.1,0,0.1,0.04,0,0.04,0.04,0.04
20,FW,Qatar,29-321,1993,1,0,6,0.1,0,0,0,0,0,0,0,0,0,0,0,0,0,0,0,0,0,0,0,0,0
21,GK,Tunisia,25-324,1997,3,3,270,3,0,0,0,0,0,0,0,0,0,0,0,0,0,0,0,0,0,0,0,0,0
22,MF,Australia,26-166,1996,3,0,62,0.7,0,0,0,0,0,0,0,0,0,0,0,0,0,0,0,0,0.04,0,0.04,0.04,0.04
23,FW,Qatar,26-030,1996,3,3,270,3,0,0,0,0,0,1,0,0,0,0,0,0,0,0,0.3,0.3,0.02,0.1,0.12,0.02,0.12
24,MF,Ecuador,24-119,1998,2,1,46,0.5,0,0,0,0,0,0,0,0,0,0,0,0,0,0,0,0,0,0,0,0,0
25,DF,Spain,19-061,2003,4,1,126,1.4,0,0,0,0,0,0,0,0,0,0,0,0,0,0,0,0,0.04,0,0.04,0.04,0.04
26,FW,Serbia,28-093,1994,3,3,262,2.9,2,0,2,0,0,1,0,0.69,0,0.69,0.69,0.69,1.6,1.6,0.7,2.4,0.57,0.24,0.81,0.57,0.81
27,DF,Brazil,31-326,1991,3,2,190,2.1,0,0,0,0,0,0,0,0,0,0,0,0,0,0,0.1,0.1,0.01,0.04,0.05,0.01,0.05
28,DF,Brazil,30-003,1992,2,1,59,0.7,0,0,0,0,0,0,0,0,0,0,0,0,0,0,0,0,0,0,0,0,0
29,DF,Denmark,25-009,1997,2,0,46,0.5,0,0,0,0,0,0,0,0,0,0,0,0,0.1,0.1,0.1,0.1,0.11,0.14,0.25,0.11,0.25
30,DF,Ghana,28-131,1994,2,1,97,1.1,0,0,0,0,0,0,0,0,0,0,0,0,0,0,0,0,0,0,0,0,0
31,MF,Argentina,23-359,1998,6,6,550,6.1,1,1,1,0,0,0,0,0.16,0.16,0.33,0.16,0.33,0.7,0.7,1,1.7,0.12,0.18,0.3,0.12,0.3
32,FW,Mexico,25-023,1997,3,3,193,2.1,0,0,0,0,0,0,0,0,0,0,0,0,0.8,0.8,0.1,0.9,0.39,0.06,0.44,0.39,0.44
33,DF,Tunisia,28-363,1993,3,2,188,2.1,0,0,0,0,0,1,0,0,0,0,0,0,0,0,0,0,0,0.02,0.02,0,0.02
34,MF,Saudi Arabia,25-289,1997,1,1,45,0.5,0,0,0,0,0,1,0,0,0,0,0,0,0.1,0.1,0,0.1,0.15,0,0.15,0.15,0.15
35,DF,Saudi Arabia,33-027,1989,3,3,216,2.4,0,0,0,0,0,1,0,0,0,0,0,0,0,0,0,0,0,0,0,0,0
36,MF,Qatar,29-333,1993,1,0,27,0.3,0,0,0,0,0,0,0,0,0,0,0,0,0,0,0,0,0,0,0,0,0
37,MF,IR Iran,26-283,1996,3,2,199,2.2,0,1,0,0,0,0,0,0,0.45,0.45,0,0.45,0,0,0.2,0.2,0.01,0.07,0.09,0.01,0.09
38,MF,IR Iran,28-310,1994,3,1,99,1.1,0,0,0,0,0,0,0,0,0,0,0,0,0,0,0,0,0,0,0,0,0
39,DF,Tunisia,32-351,1990,1,1,90,1,0,0,0,0,0,0,0,0,0,0,0,0,0,0,0,0,0,0,0,0,0
40,DF,Ghana,22-197,2000,2,2,155,1.7,0,0,0,0,0,2,0,0,0,0,0,0,0,0,0,0,0.01,0,0.01,0.01,0.01
41,GK,IR Iran,30-088,1992,2,2,109,1.2,0,0,0,0,0,0,0,0,0,0,0,0,0,0,0,0,0,0,0,0,0
42,MF,IR Iran,29-129,1993,2,1,59,0.7,0,0,0,0,0,2,0,0,0,0,0,0,0.2,0.2,0,0.2,0.29,0,0.29,0.29,0.29
43,GK,Brazil,30-077,1992,4,4,379,4.2,0,0,0,0,0,0,0,0,0,0,0,0,0,0,0,0,0,0,0,0,0
44,DF,Canada,24-071,1998,3,3,270,3,0,0,0,0,0,1,0,0,0,0,0,0,0.8,0.8,0.2,1,0.27,0.06,0.33,0.27,0.33
45,FW,Qatar,26-121,1996,3,3,224,2.5,0,0,0,0,0,1,0,0,0,0,0,0,0.4,0.4,0,0.4,0.15,0,0.15,0.15,0.15
46,MF,Canada,22-046,2000,3,3,270,3,1,0,1,0,1,1,0,0.33,0,0.33,0.33,0.33,1.1,0.3,0.5,0.8,0.36,0.17,0.53,0.09,0.27
47,MF,Belgium,21-124,2001,2,1,104,1.2,0,0,0,0,0,2,0,0,0,0,0,0,0.5,0.5,0,0.5,0.4,0,0.4,0.4,0.4
48,FW,Morocco,22-041,2000,1,0,27,0.3,0,0,0,0,0,0,0,0,0,0,0,0,0,0,0,0,0,0,0,0,0
49,MF,Cameroon,27-032,1995,3,3,260,2.9,0,1,0,0,0,0,0,0,0.35,0.35,0,0.35,0.1,0.1,0,0.1,0.02,0,0.02,0.02,0.02
50,DF,Denmark,26-252,1996,3,3,270,3,1,0,1,0,0,1,0,0.33,0,0.33,0.33,0.33,0.4,0.4,0,0.4,0.12,0,0.12,0.12,0.12
51,FW,Denmark,29-277,1993,3,1,92,1,0,0,0,0,0,1,0,0,0,0,0,0,1,1,0.1,1.1,1,0.09,1.09,1,1.09
52,FW,Denmark,22-354,1999,2,2,132,1.5,0,0,0,0,0,0,0,0,0,0,0,0,0.2,0.2,0,0.2,0.16,0,0.16,0.16,0.16
53,FW,Croatia,31-182,1991,7,7,474,5.3,2,0,2,0,0,0,0,0.38,0,0.38,0.38,0.38,1.6,1.6,0.2,1.9,0.31,0.04,0.36,0.31,0.36
54,GK,Netherlands,28-255,1994,5,5,480,5.3,0,0,0,0,0,0,0,0,0,0,0,0,0,0,0,0,0,0,0,0,0
55,DF,Serbia,26-160,1996,3,3,210,2.3,0,2,0,0,0,0,0,0,0.86,0.86,0,0.86,0.1,0.1,1.1,1.2,0.03,0.48,0.5,0.03,0.5
56,MF,Ghana,33-001,1989,3,3,198,2.2,1,0,1,0,1,1,0,0.45,0,0.45,0.45,0.45,1.1,0.4,0,0.4,0.52,0,0.52,0.16,0.16
57,GK,Cameroon,26-260,1996,1,1,80,0.9,0,0,0,0,0,0,0,0,0,0,0,0,0,0,0,0,0,0,0,0,0
58,FW,Portugal,27-042,1995,1,0,26,0.3,0,0,0,0,0,0,0,0,0,0,0,0,0,0,0.1,0.1,0,0.21,0.21,0,0.21
59,MF,Mexico,36-081,1986,1,1,41,0.5,0,0,0,0,0,0,0,0,0,0,0,0,0,0,0,0,0,0,0,0,0
60,MF,Tunisia,21-277,2001,2,2,148,1.6,0,0,0,0,0,0,0,0,0,0,0,0,0.1,0.1,0.1,0.2,0.07,0.06,0.12,0.07,0.12
61,FW,Spain,20-048,2002,2,0,46,0.5,0,0,0,0,0,0,0,0,0,0,0,0,0,0,0,0,0,0,0,0,0
62,FW,Croatia,31-149,1991,2,0,55,0.6,0,0,0,0,0,0,0,0,0,0,0,0,0.2,0.2,0,0.2,0.37,0.07,0.44,0.37,0.44
63,FW,Costa Rica,22-323,2000,3,2,125,1.4,0,0,0,0,0,1,0,0,0,0,0,0,0,0,0,0,0,0.01,0.01,0,0.01
64,MF,France,31-272,1991,7,6,537,6,0,3,0,0,0,1,0,0,0.5,0.5,0,0.5,0.7,0.7,3.1,3.7,0.11,0.52,0.63,0.11,0.63
65,FW,Ghana,22-345,2000,2,0,20,0.2,0,0,0,0,0,0,0,0,0,0,0,0,0,0,0,0,0.22,0,0.22,0.22,0.22
66,DF,United States,25-132,1997,4,4,359,4,0,0,0,0,0,0,0,0,0,0,0,0,0,0,0.3,0.3,0,0.07,0.07,0,0.07
67,DF,Germany,29-290,1993,3,3,270,3,0,0,0,0,0,0,0,0,0,0,0,0,0.8,0.8,0,0.8,0.25,0,0.25,0.25,0.25
68,FW,Brazil,22-297,2000,4,1,172,1.9,0,0,0,0,0,0,0,0,0,0,0,0,0.2,0.2,0.1,0.4,0.15,0.08,0.22,0.15,0.22
69,DF,Portugal,19-049,2003,1,1,90,1,0,0,0,0,0,0,0,0,0,0,0,0,0,0,0,0,0,0,0,0,0
70,MF,Japan,24-099,1998,3,2,171,1.9,1,0,1,0,0,0,0,0.53,0,0.53,0.53,0.53,1,1,0.1,1,0.55,0.05,0.6,0.55,0.6
71,FW,Switzerland,20-141,2002,1,0,2,0,0,0,0,0,0,0,0,0,0,0,0,0,0,0,0,0,0,0,0,0,0
72,FW,Poland,28-293,1994,3,1,101,1.1,0,0,0,0,0,1,0,0,0,0,0,0,0.2,0.2,0.1,0.3,0.22,0.09,0.31,0.22,0.31
73,DF,Poland,35-044,1987,1,0,19,0.2,0,0,0,0,0,0,0,0,0,0,0,0,0,0,0,0,0,0,0,0,0
74,FW,Saudi Arabia,21-268,2001,1,0,2,0,0,0,0,0,0,0,0,0,0,0,0,0,0,0,0,0,0,0,0,0,0
75,MF,Qatar,26-057,1996,2,2,153,1.7,0,0,0,0,0,1,0,0,0,0,0,0,0,0,0,0,0,0.02,0.02,0,0.02
76,MF,Canada,39-313,1983,3,2,159,1.8,0,0,0,0,0,0,0,0,0,0,0,0,0.1,0.1,0,0.1,0.07,0,0.07,0.07,0.07
77,MF,France,22-325,2000,7,7,621,6.9,1,0,1,0,0,1,0,0.14,0,0.14,0.14,0.14,0.3,0.3,1,1.4,0.05,0.16,0.21,0.05,0.21
78,MF,Australia,27-094,1995,2,0,24,0.3,0,0,0,0,0,0,0,0,0,0,0,0,0,0,0,0,0,0,0,0,0
79,DF,France,24-282,1998,3,1,92,1,0,0,0,0,0,0,0,0,0,0,0,0,0.1,0.1,0,0.1,0.07,0,0.07,0.07,0.07
80,MF,Belgium,33-340,1989,3,3,270,3,0,0,0,0,0,0,0,0,0,0,0,0,0,0,0,0.1,0.01,0.02,0.02,0.01,0.02
81,FW,Japan,24-099,1998,1,1,45,0.5,0,0,0,0,0,0,0,0,0,0,0,0,0,0,0,0,0,0.02,0.02,0,0.02
82,DF,Spain,28-205,1994,3,3,300,3.3,0,0,0,0,0,1,0,0,0,0,0,0,0,0,0,0.1,0.01,0.01,0.02,0.01,0.02
83,DF,Australia,32-002,1990,4,4,360,4,0,0,0,0,0,1,0,0,0,0,0,0,0.1,0.1,0,0.1,0.03,0,0.03,0.03,0.03
84,MF,Morocco,22-243,2000,7,6,568,6.3,0,0,0,0,0,1,0,0,0,0,0,0,0.3,0.3,0.5,0.8,0.05,0.08,0.13,0.05,0.13
85,MF,Tunisia,26-005,1996,3,3,243,2.7,0,1,0,0,0,1,0,0,0.37,0.37,0,0.37,0.1,0.1,0.4,0.6,0.05,0.16,0.21,0.05,0.21
86,DF,Ghana,28-169,1994,3,2,183,2,0,0,0,0,0,0,0,0,0,0,0,0,0,0,0.3,0.3,0,0.15,0.15,0,0.15
87,DF,Morocco,29-079,1993,3,0,54,0.6,0,0,0,0,0,0,0,0,0,0,0,0,0,0,0,0,0,0,0,0,0
88,DF,Australia,30-143,1992,1,0,17,0.2,0,0,0,0,0,0,0,0,0,0,0,0,0,0,0,0,0,0,0,0,0
89,FW,Senegal,22-270,2000,4,0,100,1.1,1,0,1,0,0,0,0,0.9,0,0.9,0.9,0.9,0.5,0.5,0.1,0.6,0.45,0.05,0.5,0.45,0.5
90,DF,Poland,30-159,1992,4,4,341,3.8,0,0,0,0,0,1,0,0,0,0,0,0,0,0,0,0,0,0,0,0,0
91,DF,Qatar,25-002,1997,1,1,90,1,0,0,0,0,0,0,0,0,0,0,0,0,0,0,0,0,0,0.03,0.03,0,0.03
92,DF,Wales,29-238,1993,3,3,238,2.6,0,0,0,0,0,0,0,0,0,0,0,0,0.3,0.3,0,0.3,0.13,0,0.13,0.13,0.13
93,DF,France,26-265,1996,1,1,88,1,0,0,0,0,0,0,0,0,0,0,0,0,0,0,0,0,0,0,0,0,0
94,MF,Portugal,28-130,1994,5,4,356,4,0,0,0,0,0,0,0,0,0,0,0,0,0.2,0.2,0.4,0.5,0.04,0.09,0.14,0.04,0.14
95,MF,Morocco,18-222,2004,1,1,55,0.6,0,0,0,0,0,0,0,0,0,0,0,0,0,0,0,0,0,0,0,0,0
96,DF,Croatia,30-038,1992,1,1,120,1.3,0,0,0,0,0,1,0,0,0,0,0,0,0,0,0.1,0.1,0.02,0.12,0.14,0.02,0.14
97,DF,Croatia,24-331,1998,5,5,424,4.7,0,0,0,0,0,0,0,0,0,0,0,0,0.1,0.1,0.4,0.4,0.01,0.08,0.09,0.01,0.09
98,DF,Qatar,32-162,1990,3,3,270,3,0,0,0,0,0,0,0,0,0,0,0,0,0,0,0,0,0,0,0,0,0
99,FW,Senegal,26-032,1996,4,4,318,3.5,1,0,1,0,0,1,0,0.28,0,0.28,0.28,0.28,0.7,0.7,0,0.8,0.21,0.01,0.22,0.21,0.22
100,MF,Costa Rica,19-173,2003,3,1,90,1,0,0,0,0,0,0,0,0,0,0,0,0,0,0,0,0,0,0,0,0,0
101,FW,Switzerland,25-307,1997,4,4,323,3.6,2,0,2,0,0,0,0,0.56,0,0.56,0.56,0.56,2.3,2.3,0.1,2.4,0.64,0.03,0.66,0.64,0.66
102,MF,United States,22-057,2000,4,0,108,1.2,0,0,0,0,0,0,0,0,0,0,0,0,0.1,0.1,0.2,0.3,0.06,0.18,0.24,0.06,0.24
103,FW,Wales,21-209,2001,3,0,91,1,0,0,0,0,0,0,0,0,0,0,0,0,0.2,0.2,0,0.2,0.21,0,0.21,0.21,0.21
104,FW,Portugal,28-101,1994,4,4,356,4,2,3,1,1,1,1,0,0.51,0.76,1.26,0.25,1.01,1.1,0.3,1.7,2,0.28,0.42,0.71,0.08,0.51
105,MF,Brazil,25-032,1997,2,0,69,0.8,0,0,0,0,0,1,0,0,0,0,0,0,0.7,0.7,0,0.7,0.92,0,0.92,0.92,0.92
106,FW,Croatia,28-093,1994,6,1,234,2.6,1,0,1,0,0,1,0,0.38,0,0.38,0.38,0.38,0.1,0.1,0.3,0.5,0.05,0.15,0.2,0.05,0.2
107,FW,Cameroon,23-133,1999,3,3,233,2.6,0,0,0,0,0,0,0,0,0,0,0,0,0.2,0.2,0.3,0.5,0.08,0.11,0.19,0.08,0.19
108,DF,Costa Rica,32-303,1990,3,3,260,2.9,0,0,0,0,0,0,0,0,0,0,0,0,0,0,0,0,0,0,0,0,0
109,MF,Costa Rica,37-122,1985,1,0,30,0.3,0,0,0,0,0,0,0,0,0,0,0,0,0,0,0,0,0,0,0,0,0
110,FW,England,21-104,2001,4,4,288,3.2,3,0,3,0,0,0,0,0.94,0,0.94,0.94,0.94,0.6,0.6,0.7,1.3,0.2,0.2,0.4,0.2,0.4
111,FW,England,30-294,1992,2,0,48,0.5,0,1,0,0,0,0,0,0,1.87,1.87,0,1.87,0,0,0.9,0.9,0,1.7,1.7,0,1.7
112,DF,United States,24-352,1997,1,1,90,1,0,0,0,0,0,0,0,0,0,0,0,0,0,0,0,0,0,0,0,0,0
113,MF,Ecuador,27-243,1995,1,1,45,0.5,0,0,0,0,0,0,0,0,0,0,0,0,0,0,0,0,0,0,0,0,0
114,DF,Costa Rica,23-263,1999,1,1,45,0.5,0,0,0,0,0,0,0,0,0,0,0,0,0,0,0,0,0,0,0,0,0
115,MF,Spain,25-350,1997,2,0,92,1,1,0,1,0,0,0,0,0.98,0,0.98,0.98,0.98,0.5,0.5,0.2,0.7,0.78,0.26,1.04,0.78,1.04
116,MF,Brazil,30-298,1992,4,4,390,4.3,1,0,1,0,0,1,0,0.23,0,0.23,0.23,0.23,0.4,0.4,0.1,0.6,0.1,0.04,0.14,0.1,0.14
117,MF,Costa Rica,34-205,1988,3,3,249,2.8,0,0,0,0,0,1,0,0,0,0,0,0,0,0,0,0,0,0.02,0.02,0,0.02
118,FW,Belgium,21-283,2001,1,0,16,0.2,0,0,0,0,0,0,0,0,0,0,0,0,0,0,0,0,0,0,0,0,0
119,MF,Mexico,25-349,1997,2,0,34,0.4,0,0,0,0,0,0,0,0,0,0,0,0,0,0,0,0,0,0,0,0,0
120,MF,Senegal,32-362,1989,1,1,72,0.8,0,0,0,0,0,0,0,0,0,0,0,0,0,0,0,0,0,0.05,0.05,0,0.05
121,FW,Korea Republic,24-327,1998,4,3,275,3.1,2,0,2,0,0,1,0,0.65,0,0.65,0.65,0.65,1.1,1.1,0,1.1,0.35,0.01,0.36,0.35,0.36
122,FW,Korea Republic,26-031,1996,1,0,1,0,0,0,0,0,0,0,0,0,0,0,0,0,0,0,0,0,0,0,0,0,0
123,DF,Wales,25-043,1997,3,3,270,3,0,0,0,0,0,1,0,0,0,0,0,0,0,0,0.2,0.2,0,0.07,0.07,0,0.07
124,MF,Cameroon,27-061,1995,1,0,24,0.3,0,0,0,0,0,1,0,0,0,0,0,0,0,0,0,0,0,0,0,0,0
125,MF,Denmark,30-307,1992,3,3,270,3,0,0,0,0,0,0,0,0,0,0,0,0,0.2,0.2,0.4,0.6,0.06,0.14,0.2,0.06,0.2
126,FW,Switzerland,29-037,1993,1,0,8,0.1,0,0,0,0,0,0,0,0,0,0,0,0,0.2,0.2,0,0.2,2.58,0,2.58,2.58,2.58
127,MF,Denmark,28-283,1994,1,0,6,0.1,0,0,0,0,0,0,0,0,0,0,0,0,0,0,0,0,0,0,0,0,0
128,FW,United States,24-091,1998,4,4,315,3.5,1,2,1,0,0,0,0,0.29,0.57,0.86,0.29,0.86,1.1,1.1,0.9,2,0.3,0.26,0.56,0.3,0.56
129,DF,Cameroon,21-091,2001,1,1,90,1,0,0,0,0,0,0,0,0,0,0,0,0,0,0,0,0,0.04,0,0.04,0.04,0.04
130,FW,Netherlands,23-225,1999,5,5,450,5,3,0,3,0,0,0,0,0.6,0,0.6,0.6,0.6,0.3,0.3,0.6,0.9,0.06,0.12,0.18,0.06,0.18
131,DF,Cameroon,30-127,1992,3,3,270,3,0,0,0,0,0,2,0,0,0,0,0,0,0,0,0,0.1,0.01,0.01,0.02,0.01,0.02
132,DF,Wales,27-086,1995,3,2,200,2.2,0,0,0,0,0,0,0,0,0,0,0,0,0,0,0.4,0.4,0,0.16,0.16,0,0.16
133,MF,Australia,31-002,1991,4,3,234,2.6,1,1,1,0,0,0,0,0.38,0.38,0.77,0.38,0.77,0.3,0.3,0.6,0.9,0.11,0.25,0.36,0.11,0.36
134,DF,Argentina,24-235,1998,7,6,547,6.1,0,0,0,0,0,2,0,0,0,0,0,0,0,0,0,0,0,0,0,0,0
135,FW,Portugal,37-316,1985,5,3,290,3.2,1,0,0,1,1,0,0,0.31,0,0.31,0,0,1.6,0.8,0.1,1,0.51,0.04,0.55,0.26,0.3
136,FW,Canada,27-245,1995,3,2,137,1.5,0,0,0,0,0,0,0,0,0,0,0,0,0.2,0.2,0.5,0.7,0.16,0.34,0.49,0.16,0.49
137,DF,Spain,33-112,1989,2,2,135,1.5,0,1,0,0,0,0,0,0,0.67,0.67,0,0.67,0,0,0.7,0.7,0,0.45,0.45,0,0.45
138,DF,Mexico,25-297,1997,3,3,270,3,0,1,0,0,0,0,0,0,0.33,0.33,0,0.33,0.2,0.2,0.5,0.7,0.06,0.17,0.23,0.06,0.23
139,FW,Japan,26-135,1996,4,4,322,3.6,0,0,0,0,0,0,0,0,0,0,0,0,0.6,0.6,0,0.7,0.18,0.01,0.19,0.18,0.19
140,FW,Japan,25-059,1997,3,3,180,2,1,0,1,0,0,0,0,0.5,0,0.5,0.5,0.5,0.5,0.5,0,0.5,0.24,0,0.24,0.24,0.24
141,DF,Netherlands,32-284,1990,5,5,423,4.7,1,1,1,0,0,0,0,0.21,0.21,0.43,0.21,0.43,0.4,0.4,0.5,0.8,0.08,0.1,0.18,0.08,0.18
142,MF,Poland,27-185,1995,1,0,29,0.3,0,0,0,0,0,0,0,0,0,0,0,0,0,0,0,0,0,0,0,0,0
143,DF,Brazil,39-226,1983,2,1,118,1.3,0,0,0,0,0,0,0,0,0,0,0,0,0.2,0.2,0,0.2,0.14,0,0.14,0.14,0.14
144,DF,Spain,30-341,1992,2,1,135,1.5,0,0,0,0,0,0,0,0,0,0,0,0,0,0,0,0,0,0,0,0,0
145,FW,Spain,24-225,1998,4,4,367,4.1,1,1,1,0,0,0,0,0.25,0.25,0.49,0.25,0.49,1.4,1.4,0.5,1.9,0.34,0.11,0.46,0.34,0.46
146,DF,Ghana,27-362,1994,3,3,251,2.8,0,0,0,0,0,2,0,0,0,0,0,0,0.2,0.2,0.1,0.3,0.08,0.03,0.1,0.08,0.1
147,MF,Costa Rica,21-251,2001,1,0,1,0,0,0,0,0,0,0,0,0,0,0,0,0,0,0,0,0,0,0,0,0,0
148,FW,Wales,25-038,1997,3,2,154,1.7,0,0,0,0,0,1,0,0,0,0,0,0,0,0,0,0,0,0.02,0.02,0,0.02
149,MF,Ghana,26-285,1996,3,0,33,0.4,0,0,0,0,0,0,0,0,0,0,0,0,0,0,0,0,0,0,0,0,0
150,DF,Brazil,31-156,1991,3,3,281,3.1,0,0,0,0,0,1,0,0,0,0,0,0,0,0,0,0,0.01,0,0.01,0.01,0.01
151,DF,Portugal,31-100,1991,1,1,90,1,0,0,0,0,0,1,0,0,0,0,0,0,0,0,0,0,0,0,0,0,0
152,GK,Wales,29-179,1993,2,1,94,1,0,0,0,0,0,0,0,0,0,0,0,0,0,0,0,0,0,0,0,0,0
153,DF,Serbia,32-094,1990,1,0,25,0.3,0,0,0,0,0,0,0,0,0,0,0,0,0,0,0,0,0.05,0,0.05,0.05,0.05
154,FW,Uruguay,23-177,1999,3,3,240,2.7,0,0,0,0,0,1,0,0,0,0,0,0,0.4,0.4,0.2,0.6,0.14,0.09,0.23,0.14,0.23
155,DF,Germany,24-240,1998,3,3,242,2.7,0,1,0,0,0,0,0,0,0.37,0.37,0,0.37,0,0,0.6,0.6,0,0.22,0.22,0,0.22
156,MF,Canada,32-336,1990,1,0,15,0.2,0,0,0,0,0,0,0,0,0,0,0,0,0,0,0,0,0,0,0,0,0
157,MF,Netherlands,29-300,1993,4,3,190,2.1,1,2,1,0,0,0,0,0.47,0.95,1.42,0.47,1.42,0.2,0.2,0.3,0.5,0.11,0.14,0.25,0.11,0.25
158,DF,France,24-052,1998,5,5,480,5.3,0,0,0,0,0,0,0,0,0,0,0,0,0,0,0.1,0.1,0.01,0.02,0.03,0.01,0.03
159,DF,United States,29-162,1993,2,0,33,0.4,0,0,0,0,0,0,0,0,0,0,0,0,0,0,0,0,0,0,0,0,0
160,MF,England,23-338,1999,5,5,417,4.6,0,0,0,0,0,0,0,0,0,0,0,0,0,0,0,0,0,0.01,0.01,0,0.01
161,DF,Croatia,33-166,1989,6,6,600,6.7,0,1,0,0,0,1,0,0,0.15,0.15,0,0.15,0.3,0.3,0,0.3,0.04,0.01,0.05,0.04,0.05
162,DF,Ghana,34-205,1988,1,0,13,0.1,0,0,0,0,0,0,0,0,0,0,0,0,0,0,0,0,0,0,0,0,0
163,MF,Switzerland,26-028,1996,2,0,59,0.7,0,0,0,0,0,0,0,0,0,0,0,0,0,0,0,0,0.07,0,0.07,0.07,0.07
164,DF,Netherlands,26-244,1996,5,5,479,5.3,1,2,1,0,0,2,1,0.19,0.38,0.56,0.19,0.56,0.4,0.4,0.3,0.7,0.08,0.06,0.14,0.08,0.14
165,GK,Cameroon,29-319,1993,2,2,180,2,0,0,0,0,0,0,0,0,0,0,0,0,0,0,0,0,0,0,0,0,0
166,DF,Uruguay,36-305,1986,2,2,151,1.7,0,0,0,0,0,0,0,0,0,0,0,0,0.1,0.1,0,0.1,0.03,0,0.03,0.03,0.03
167,GK,Portugal,23-090,1999,5,5,450,5,0,0,0,0,0,0,0,0,0,0,0,0,0,0,0,0,0,0.01,0.01,0,0.01
168,DF,Portugal,23-275,1999,3,3,258,2.9,0,2,0,0,0,0,0,0,0.7,0.7,0,0.7,0,0,0.7,0.8,0.01,0.25,0.26,0.01,0.26
169,MF,Switzerland,25-315,1997,4,4,264,2.9,0,1,0,0,0,0,0,0,0.34,0.34,0,0.34,0.2,0.2,0.2,0.3,0.06,0.06,0.12,0.06,0.12
170,FW,Ecuador,23-334,1999,1,0,27,0.3,0,0,0,0,0,0,0,0,0,0,0,0,0,0,0,0,0,0,0,0,0
171,GK,Croatia,27-343,1995,7,7,690,7.7,0,0,0,0,0,1,0,0,0,0,0,0,0,0,0,0,0,0,0,0,0
172,MF,Belgium,35-226,1987,2,1,76,0.8,0,0,0,0,0,0,0,0,0,0,0,0,0.8,0.8,0.1,0.9,0.94,0.17,1.11,0.94,1.11
173,MF,Serbia,34-028,1988,3,3,257,2.9,0,2,0,0,0,0,0,0,0.7,0.7,0,0.7,0.1,0.1,0.7,0.8,0.03,0.25,0.28,0.03,0.28
174,FW,Serbia,22-324,2000,2,1,79,0.9,1,0,1,0,0,0,0,1.14,0,1.14,1.14,1.14,0.8,0.8,0,0.8,0.92,0,0.92,0.92,0.92
175,DF,Tunisia,27-182,1995,2,2,162,1.8,0,0,0,0,0,0,0,0,0,0,0,0,0.1,0.1,0,0.1,0.04,0,0.04,0.04,0.04
176,MF,Belgium,31-345,1991,3,2,124,1.4,0,0,0,0,0,0,0,0,0,0,0,0,0.1,0.1,0,0.1,0.04,0.01,0.05,0.04,0.05
177,GK,Brazil,29-123,1993,1,1,90,1,0,0,0,0,0,0,0,0,0,0,0,0,0,0,0,0,0,0,0,0,0
178,FW,Switzerland,26-247,1996,3,1,145,1.6,0,0,0,0,0,0,0,0,0,0,0,0,0,0,0.3,0.4,0.02,0.21,0.23,0.02,0.23
179,FW,Uruguay,35-307,1987,3,1,124,1.4,0,0,0,0,0,1,0,0,0,0,0,0,0.3,0.3,0.7,1,0.21,0.5,0.71,0.21,0.71
180,GK,Senegal,30-292,1992,4,4,360,4,0,0,0,0,0,0,0,0,0,0,0,0,0,0,0,0,0,0.01,0.01,0,0.01
181,MF,Mexico,25-055,1997,2,2,175,1.9,0,0,0,0,0,1,0,0,0,0,0,0,0,0,0.2,0.2,0.01,0.11,0.12,0.01,0.12
182,DF,France,20-038,2002,2,1,140,1.6,0,0,0,0,0,0,0,0,0,0,0,0,0,0,0.1,0.1,0,0.11,0.11,0,0.11
183,MF,IR Iran,32-296,1990,3,3,237,2.6,0,0,0,0,0,0,0,0,0,0,0,0,0.2,0.2,0.2,0.4,0.06,0.08,0.15,0.06,0.15
184,MF,Tunisia,27-222,1995,3,3,270,3,0,0,0,0,0,0,0,0,0,0,0,0,0.1,0.1,0.1,0.2,0.02,0.05,0.07,0.02,0.07
185,GK,Argentina,30-107,1992,7,7,690,7.7,0,0,0,0,0,1,0,0,0,0,0,0,0,0,0,0,0,0,0,0,0
186,FW,Ecuador,33-044,1989,3,3,255,2.8,3,0,2,1,1,0,0,1.06,0,1.06,0.71,0.71,2.3,1.5,0.3,1.8,0.8,0.1,0.9,0.52,0.62
187,DF,Cameroon,23-282,1999,1,1,90,1,0,0,0,0,0,0,0,0,0,0,0,0,0,0,0,0,0,0,0,0,0
188,MF,Argentina,21-335,2001,7,5,564,6.3,1,1,1,0,0,1,0,0.16,0.16,0.32,0.16,0.32,0.3,0.3,0.9,1.2,0.05,0.16,0.21,0.05,0.21
189,DF,Switzerland,24-317,1998,2,0,46,0.5,0,0,0,0,0,1,0,0,0,0,0,0,0,0,0,0,0,0,0,0,0
190,DF,England,28-337,1994,2,0,36,0.4,0,0,0,0,0,0,0,0,0,0,0,0,0,0,0,0,0,0,0,0,0
191,FW,Cameroon,33-270,1989,3,3,253,2.8,1,0,1,0,0,0,0,0.36,0,0.36,0.36,0.36,0.8,0.8,0,0.9,0.29,0.02,0.31,0.29,0.31
192,MF,Mexico,27-186,1995,1,0,49,0.5,0,0,0,0,0,1,0,0,0,0,0,0,0,0,0,0,0,0,0,0,0
193,MF,Wales,22-095,2000,3,3,255,2.8,0,0,0,0,0,0,0,0,0,0,0,0,0,0,0.1,0.2,0.01,0.04,0.05,0.01,0.05
194,MF,Brazil,33-252,1989,1,0,36,0.4,0,0,0,0,0,0,0,0,0,0,0,0,0,0,0.1,0.1,0,0.21,0.21,0,0.21
195,MF,Argentina,24-074,1998,3,0,50,0.6,0,0,0,0,0,0,0,0,0,0,0,0,0.1,0.1,0.1,0.1,0.12,0.12,0.24,0.12,0.24
196,MF,Switzerland,33-344,1989,2,0,25,0.3,0,0,0,0,0,0,0,0,0,0,0,0,0,0,0,0,0,0,0,0,0
197,FW,Switzerland,20-305,2002,2,1,68,0.8,0,0,0,0,0,1,0,0,0,0,0,0,0,0,0.2,0.2,0,0.25,0.25,0,0.25
198,DF,Switzerland,30-363,1991,2,2,135,1.5,0,0,0,0,0,2,0,0,0,0,0,0,0.1,0.1,0,0.1,0.09,0,0.09,0.09,0.09
199,MF,Brazil,29-056,1993,1,1,90,1,0,0,0,0,0,0,0,0,0,0,0,0,0,0,0,0,0,0,0,0,0
200,MF,Uruguay,20-363,2001,3,2,181,2,0,0,0,0,0,0,0,0,0,0,0,0,0.2,0.2,0.2,0.4,0.08,0.09,0.17,0.08,0.17
201,FW,Senegal,30-003,1992,2,1,92,1,1,0,1,0,0,0,0,0.98,0,0.98,0.98,0.98,0.2,0.2,0,0.2,0.19,0.03,0.22,0.19,0.22
202,MF,Uruguay,24-149,1998,3,3,270,3,0,0,0,0,0,0,0,0,0,0,0,0,0.2,0.2,0.4,0.6,0.06,0.14,0.2,0.06,0.2
203,MF,Tunisia,30-275,1992,2,0,48,0.5,0,0,0,0,0,1,0,0,0,0,0,0,0,0,0,0,0.04,0,0.04,0.04,0.04
204,FW,Spain,22-292,2000,4,3,217,2.4,2,0,1,1,1,0,0,0.83,0,0.83,0.41,0.41,1,0.2,0.2,0.4,0.42,0.07,0.5,0.1,0.17
205,DF,Serbia,30-047,1992,2,2,179,2,0,0,0,0,0,0,0,0,0,0,0,0,0,0,0,0.1,0.01,0.02,0.03,0.01,0.03
206,DF,Serbia,31-125,1991,1,1,65,0.7,0,0,0,0,0,0,0,0,0,0,0,0,0,0,0,0,0.03,0,0.03,0.03,0.03
207,MF,Serbia,30-322,1992,2,0,14,0.2,0,0,0,0,0,0,0,0,0,0,0,0,0,0,0,0,0,0.23,0.23,0,0.23
208,MF,Saudi Arabia,22-218,2000,3,3,268,3,0,1,0,0,0,0,0,0,0.34,0.34,0,0.34,0.1,0.1,0.1,0.2,0.04,0.02,0.06,0.04,0.06
209,DF,Senegal,25-349,1997,1,0,7,0.1,0,0,0,0,0,0,0,0,0,0,0,0,0,0,0,0,0,0,0,0,0
210,DF,Australia,26-220,1996,2,1,93,1,0,0,0,0,0,0,0,0,0,0,0,0,0.2,0.2,0.1,0.3,0.17,0.09,0.27,0.17,0.27
211,DF,Costa Rica,30-163,1992,2,2,180,2,0,0,0,0,0,2,0,0,0,0,0,0,0,0,0,0,0.01,0,0.01,0.01,0.01
212,MF,Brazil,29-288,1993,4,2,142,1.6,0,0,0,0,0,1,0,0,0,0,0,0,0.3,0.3,0.2,0.6,0.23,0.16,0.39,0.23,0.39
213,MF,Netherlands,25-220,1997,5,5,475,5.3,1,1,1,0,0,1,0,0.19,0.19,0.38,0.19,0.38,0.9,0.9,0.2,1.1,0.18,0.04,0.22,0.18,0.22
214,DF,Ecuador,25-341,1997,3,3,270,3,0,1,0,0,0,0,0,0,0.33,0.33,0,0.33,0.1,0.1,0.4,0.6,0.04,0.15,0.19,0.04,0.19
215,FW,Brazil,25-259,1997,3,1,93,1,0,0,0,0,0,0,0,0,0,0,0,0,0.4,0.4,0.2,0.6,0.35,0.23,0.58,0.35,0.58
216,FW,Australia,18-094,2004,2,0,37,0.4,0,0,0,0,0,0,0,0,0,0,0,0,0.4,0.4,0,0.4,0.92,0,0.92,0.92,0.92
217,FW,Wales,33-155,1989,3,3,225,2.5,1,0,0,1,1,1,0,0.4,0,0.4,0,0,0.8,0,0.2,0.2,0.32,0.08,0.41,0.01,0.09
218,MF,Spain,18-135,2004,4,4,284,3.2,1,0,1,0,0,0,0,0.32,0,0.32,0.32,0.32,0.1,0.1,0.1,0.2,0.04,0.03,0.07,0.04,0.07
219,MF,Cameroon,27-044,1995,2,0,47,0.5,0,0,0,0,0,0,0,0,0,0,0,0,0,0,0,0,0,0,0,0,0
220,FW,Cameroon,27-308,1995,2,0,27,0.3,0,0,0,0,0,0,0,0,0,0,0,0,0,0,0,0,0.13,0,0.13,0.13,0.13
221,DF,Argentina,31-174,1991,3,0,60,0.7,0,0,0,0,0,1,0,0,0,0,0,0,0.1,0.1,0,0.1,0.24,0,0.24,0.24,0.24
222,MF,Costa Rica,25-112,1997,1,1,64,0.7,0,0,0,0,0,0,0,0,0,0,0,0,0,0,0,0,0.02,0,0.02,0.02,0.02
223,MF,Tunisia,28-293,1994,1,0,17,0.2,0,0,0,0,0,0,0,0,0,0,0,0,0,0,0,0,0,0,0,0,0
224,DF,Ghana,24-153,1998,1,1,87,1,0,1,0,0,0,0,0,0,1.03,1.03,0,1.03,0,0,0.3,0.3,0,0.28,0.28,0,0.28
225,FW,United States,20-035,2002,2,0,53,0.6,0,0,0,0,0,0,0,0,0,0,0,0,0.1,0.1,0.2,0.2,0.1,0.28,0.38,0.1,0.38
226,MF,Uruguay,28-200,1994,2,1,108,1.2,2,0,2,0,0,0,0,1.67,0,1.67,1.67,1.67,1.2,1.2,0.5,1.7,1.01,0.45,1.45,1.01,1.45
227,DF,Brazil,25-275,1997,2,1,109,1.2,0,0,0,0,0,0,0,0,0,0,0,0,0.2,0.2,0,0.2,0.14,0,0.14,0.14,0.14
228,DF,Argentina,25-351,1997,4,1,118,1.3,0,0,0,0,0,3,0,0,0,0,0,0,0,0,0.3,0.4,0.02,0.42,0.44,0.02,0.44
229,MF,Ecuador,22-047,2000,3,3,269,3,0,0,0,0,0,0,0,0,0,0,0,0,0.1,0.1,0.2,0.3,0.05,0.06,0.11,0.05,0.11
230,FW,Portugal,21-181,2001,4,2,152,1.7,3,1,3,0,0,0,0,1.78,0.59,2.37,1.78,2.37,1.6,1.6,0.4,1.9,0.93,0.21,1.13,0.93,1.13
231,MF,Switzerland,30-082,1992,4,4,360,4,0,0,0,0,0,1,0,0,0,0,0,0,0.3,0.3,0.1,0.4,0.08,0.02,0.1,0.08,0.1
232,GK,Switzerland,25-012,1997,1,1,90,1,0,0,0,0,0,0,0,0,0,0,0,0,0,0,0,0,0,0,0,0,0
233,MF,Poland,32-323,1990,4,4,332,3.7,0,0,0,0,0,1,0,0,0,0,0,0,0,0,0.2,0.2,0.01,0.05,0.05,0.01,0.05
234,MF,Argentina,28-250,1994,1,1,56,0.6,0,0,0,0,0,0,0,0,0,0,0,0,0,0,0,0,0,0,0,0,0
235,GK,Mexico,37-158,1985,3,3,270,3,0,0,0,0,0,0,0,0,0,0,0,0,0,0,0,0,0,0,0,0,0
236,DF,Uruguay,29-269,1993,3,2,183,2,0,0,0,0,0,0,0,0,0,0,0,0,0,0,0.1,0.1,0,0.05,0.05,0,0.05
237,FW,United States,24-266,1998,4,1,137,1.5,1,0,1,0,0,0,0,0.66,0,0.66,0.66,0.66,0.5,0.5,0,0.6,0.35,0.02,0.37,0.35,0.37
238,FW,Morocco,29-274,1993,7,7,635,7.1,1,1,1,0,0,0,0,0.14,0.14,0.28,0.14,0.28,0.4,0.4,0.7,1.1,0.06,0.1,0.16,0.06,0.16
239,MF,Tunisia,19-331,2003,1,0,11,0.1,0,0,0,0,0,0,0,0,0,0,0,0,0,0,0,0,0,0,0,0,0
240,FW,Switzerland,30-299,1992,3,0,71,0.8,0,0,0,0,0,0,0,0,0,0,0,0,0.2,0.2,0,0.2,0.24,0.03,0.27,0.24,0.27
241,FW,England,29-143,1993,5,5,402,4.5,2,3,1,1,2,0,0,0.45,0.67,1.12,0.22,0.9,2.7,1.1,1.5,2.6,0.6,0.34,0.94,0.25,0.59
242,DF,England,29-288,1993,5,5,429,4.8,0,1,0,0,0,1,0,0,0.21,0.21,0,0.21,0.4,0.4,0,0.4,0.08,0.01,0.09,0.08,0.09
243,DF,Australia,24-057,1998,4,4,360,4,0,0,0,0,0,0,0,0,0,0,0,0,0.1,0.1,0,0.1,0.02,0.01,0.03,0.02,0.03
244,MF,Wales,25-271,1997,3,2,160,1.8,0,0,0,0,0,0,0,0,0,0,0,0,0.1,0.1,0.5,0.6,0.05,0.28,0.33,0.05,0.33
245,DF,Saudi Arabia,23-312,1999,2,2,180,2,0,0,0,0,0,1,0,0,0,0,0,0,0,0,0,0,0,0,0,0,0
246,MF,Qatar,32-007,1990,3,3,206,2.3,0,0,0,0,0,0,0,0,0,0,0,0,0,0,0.6,0.6,0.01,0.27,0.27,0.01,0.27
247,MF,Saudi Arabia,30-155,1992,2,0,4,0,0,1,0,0,0,1,0,0,22.5,22.5,0,22.5,0,0,0.6,0.6,0,14.37,14.37,0,14.37
248,FW,Mexico,30-030,1992,2,2,146,1.6,1,0,1,0,0,0,0,0.62,0,0.62,0.62,0.62,0.9,0.9,0.2,1.1,0.57,0.13,0.7,0.57,0.7
249,GK,Ecuador,35-263,1987,3,3,270,3,0,0,0,0,0,0,0,0,0,0,0,0,0,0,0,0,0,0,0,0,0
250,MF,Japan,27-222,1995,3,3,285,3.2,0,0,0,0,0,0,0,0,0,0,0,0,0.2,0.2,0.1,0.2,0.05,0.03,0.08,0.05,0.08
251,DF,Japan,23-220,1999,1,0,45,0.5,0,0,0,0,0,0,0,0,0,0,0,0,0,0,0,0,0,0.09,0.09,0,0.09
252,MF,Japan,32-250,1990,2,1,119,1.3,0,0,0,0,0,0,0,0,0,0,0,0,0.5,0.5,0.1,0.6,0.54,0.07,0.61,0.54,0.61
253,FW,Mexico,27-141,1995,3,3,252,2.8,0,0,0,0,0,0,0,0,0,0,0,0,0.2,0.2,1,1.2,0.07,0.36,0.42,0.07,0.42
254,DF,Qatar,23-115,1999,3,3,262,2.9,0,0,0,0,0,1,0,0,0,0,0,0,0,0,0,0,0,0.01,0.01,0,0.01
255,DF,Korea Republic,32-092,1990,1,0,45,0.5,0,0,0,0,0,0,0,0,0,0,0,0,0,0,0.1,0.1,0,0.13,0.13,0,0.13
256,GK,IR Iran,30-171,1992,2,1,161,1.8,0,0,0,0,0,0,0,0,0,0,0,0,0,0,0,0,0,0,0,0,0
257,DF,IR Iran,28-270,1994,1,0,45,0.5,0,0,0,0,0,1,0,0,0,0,0,0,0,0,0,0,0,0,0,0,0
258,GK,France,35-357,1986,6,6,570,6.3,0,0,0,0,0,0,0,0,0,0,0,0,0,0,0,0,0,0,0,0,0
259,MF,Korea Republic,26-326,1996,2,1,115,1.3,1,0,1,0,0,1,0,0.78,0,0.78,0.78,0.78,0.9,0.9,0,1,0.72,0.03,0.75,0.72,0.75
260,MF,Korea Republic,26-089,1996,4,4,334,3.7,0,0,0,0,0,0,0,0,0,0,0,0,0.2,0.2,0.1,0.3,0.06,0.02,0.08,0.06,0.08
261,FW,Korea Republic,30-112,1992,4,1,106,1.2,0,0,0,0,0,0,0,0,0,0,0,0,0.5,0.5,0,0.5,0.4,0,0.4,0.4,0.4
262,MF,Mexico,32-243,1990,2,2,160,1.8,0,0,0,0,0,1,0,0,0,0,0,0,0,0,0.1,0.1,0,0.06,0.06,0,0.06
263,DF,Mexico,34-335,1988,3,3,270,3,0,0,0,0,0,1,0,0,0,0,0,0,0.2,0.2,0,0.2,0.06,0.01,0.07,0.06,0.07
264,DF,France,23-207,1999,5,3,294,3.3,0,0,0,0,0,0,0,0,0,0,0,0,0.4,0.4,0.4,0.7,0.12,0.12,0.23,0.12,0.23
265,MF,Senegal,33-083,1989,3,3,270,3,0,0,0,0,0,2,0,0,0,0,0,0,0.3,0.3,0.1,0.4,0.11,0.03,0.14,0.11,0.14
266,MF,Morocco,25-049,1997,1,0,45,0.5,0,0,0,0,0,0,0,0,0,0,0,0,0,0,0,0,0,0,0,0,0
267,FW,Senegal,22-287,2000,3,2,135,1.5,0,1,0,0,0,0,0,0,0.67,0.67,0,0.67,0.1,0.1,0.2,0.3,0.09,0.14,0.22,0.09,0.22
268,DF,Senegal,23-123,1999,4,3,278,3.1,0,1,0,0,0,1,0,0,0.32,0.32,0,0.32,0,0,0.3,0.3,0,0.1,0.11,0,0.11
269,FW,Qatar,32-257,1990,2,2,174,1.9,0,1,0,0,0,1,0,0,0.52,0.52,0,0.52,,,,,,,,,
270,FW,Senegal,24-296,1998,4,4,344,3.8,1,0,0,1,1,0,0,0.26,0,0.26,0,0,1.7,0.9,0.4,1.3,0.43,0.11,0.55,0.23,0.34
271,MF,Canada,20-195,2002,3,0,109,1.2,0,0,0,0,0,0,0,0,0,0,0,0,0,0,0.1,0.1,0,0.05,0.05,0,0.05
272,FW,Tunisia,30-358,1991,3,2,182,2,0,0,0,0,0,0,0,0,0,0,0,0,0.5,0.5,0.2,0.7,0.26,0.08,0.34,0.26,0.34
273,MF,Serbia,21-276,2001,1,0,34,0.4,0,0,0,0,0,0,0,0,0,0,0,0,0,0,0,0,0,0.04,0.04,0,0.04
274,FW,Croatia,33-319,1989,7,7,669,7.4,1,3,1,0,0,0,0,0.13,0.4,0.54,0.13,0.54,0.9,0.9,0.9,1.8,0.13,0.12,0.25,0.13,0.25
275,FW,Ghana,28-186,1994,3,3,270,3,0,0,0,0,0,0,0,0,0,0,0,0,0.3,0.3,0.2,0.5,0.1,0.07,0.17,0.1,0.17
276,FW,England,27-099,1995,5,0,86,1,1,0,1,0,0,0,0,1.05,0,1.05,1.05,1.05,0.6,0.6,0.1,0.8,0.69,0.12,0.81,0.69,0.81
277,MF,Australia,29-286,1993,4,4,354,3.9,0,0,0,0,0,2,0,0,0,0,0,0,0.5,0.5,0,0.6,0.13,0.01,0.14,0.13,0.14
278,DF,Ecuador,22-136,2000,2,1,96,1.1,0,0,0,0,0,0,0,0,0,0,0,0,0.1,0.1,0,0.1,0.05,0,0.05,0.05,0.05
279,MF,Poland,20-196,2002,4,2,233,2.6,0,0,0,0,0,0,0,0,0,0,0,0,0.4,0.3,0.2,0.5,0.14,0.09,0.23,0.1,0.19
280,DF,Poland,22-306,2000,4,4,355,3.9,0,0,0,0,0,1,0,0,0,0,0,0,0,0,0,0,0.01,0,0.01,0.01,0.01
281,MF,Germany,19-295,2003,3,3,258,2.9,0,1,0,0,0,0,0,0,0.35,0.35,0,0.35,1.9,1.9,0.9,2.8,0.67,0.3,0.97,0.67,0.97
282,FW,Australia,29-142,1993,3,0,55,0.6,0,0,0,0,0,0,0,0,0,0,0,0,0,0,0,0,0,0.08,0.08,0,0.08
283,DF,Poland,26-250,1996,1,0,5,0.1,0,0,0,0,0,0,0,0,0,0,0,0,0,0,0,0,0,0,0,0,0
284,DF,Belgium,35-238,1987,3,3,270,3,0,0,0,0,0,0,0,0,0,0,0,0,0.2,0.2,0,0.2,0.06,0,0.06,0.06,0.06
285,FW,Australia,27-139,1995,1,0,35,0.4,0,0,0,0,0,0,0,0,0,0,0,0,0,0,0,0,0,0,0,0,0
286,DF,Morocco,30-292,1992,6,3,309,3.4,0,0,0,0,0,0,0,0,0,0,0,0,0.1,0.1,0,0.1,0.03,0,0.03,0.03,0.03
287,DF,Cameroon,27-326,1995,2,2,180,2,1,1,1,0,0,0,0,0.5,0.5,1,0.5,1,0.9,0.9,0.3,1.2,0.47,0.15,0.62,0.47,0.62
288,MF,Korea Republic,23-089,1999,1,1,45,0.5,0,0,0,0,0,0,0,0,0,0,0,0,0,0,0,0,0.06,0,0.06,0.06,0.06
289,MF,Belgium,20-205,2002,1,0,19,0.2,0,0,0,0,0,0,0,0,0,0,0,0,0,0,0,0,0,0,0,0,0
290,MF,Ecuador,20-185,2002,3,0,85,0.9,0,0,0,0,0,0,0,0,0,0,0,0,0.1,0.1,0.1,0.1,0.07,0.09,0.15,0.07,0.15
291,MF,Cameroon,24-079,1998,1,0,5,0.1,0,0,0,0,0,0,0,0,0,0,0,0,0,0,0.1,0.1,0,2.23,2.23,0,2.23
292,MF,Denmark,22-292,2000,3,2,200,2.2,0,0,0,0,0,0,0,0,0,0,0,0,0.3,0.3,0,0.3,0.14,0,0.14,0.14,0.14
293,FW,United States,21-359,2000,1,1,45,0.5,0,0,0,0,0,0,0,0,0,0,0,0,0,0,0,0,0,0,0,0,0
294,DF,Mexico,28-125,1994,3,3,270,3,0,0,0,0,0,0,0,0,0,0,0,0,0.1,0.1,0,0.1,0.04,0.01,0.05,0.04,0.05
295,MF,Costa Rica,18-186,2004,3,1,103,1.1,0,0,0,0,0,0,0,0,0,0,0,0,0,0,0,0,0.04,0,0.04,0.04,0.04
296,MF,Ecuador,25-236,1997,2,2,180,2,0,0,0,0,0,2,0,0,0,0,0,0,0,0,0.1,0.1,0,0.07,0.07,0,0.07
297,DF,Denmark,26-201,1996,3,3,270,3,0,1,0,0,0,0,0,0,0.33,0.33,0,0.33,0.1,0.1,0.2,0.3,0.03,0.08,0.11,0.03,0.11
298,DF,Denmark,25-212,1997,3,3,249,2.8,0,0,0,0,0,0,0,0,0,0,0,0,0,0,0,0.1,0.01,0.01,0.03,0.01,0.03
299,MF,Wales,32-279,1990,2,1,94,1,0,0,0,0,0,0,0,0,0,0,0,0,0.1,0.1,0.1,0.2,0.1,0.05,0.15,0.1,0.15
300,MF,Wales,25-349,1997,2,0,33,0.4,0,0,0,0,0,0,0,0,0,0,0,0,0,0,0,0,0,0,0,0,0
301,DF,Wales,25-057,1997,3,3,270,3,0,0,0,0,0,1,0,0,0,0,0,0,0,0,0,0,0,0,0,0,0
302,FW,Costa Rica,30-175,1992,3,3,269,3,0,0,0,0,0,1,0,0,0,0,0,0,0,0,0.1,0.1,0,0.02,0.02,0,0.02
303,FW,Costa Rica,34-021,1988,1,1,73,0.8,0,0,0,0,0,0,0,0,0,0,0,0,0,0,0,0,0,0,0,0,0
304,DF,England,28-204,1994,5,5,434,4.8,0,0,0,0,0,0,0,0,0,0,0,0,0.4,0.4,0.1,0.4,0.07,0.01,0.09,0.07,0.09
305,FW,Germany,30-157,1992,2,0,30,0.3,0,0,0,0,0,0,0,0,0,0,0,0,0.3,0.3,0.1,0.3,0.82,0.16,0.98,0.82,0.98
306,FW,Canada,22-338,2000,3,2,192,2.1,0,0,0,0,0,0,0,0,0,0,0,0,1,0.7,0,0.7,0.49,0,0.49,0.35,0.35
307,MF,Canada,30-189,1992,3,1,119,1.3,0,0,0,0,0,1,0,0,0,0,0,0,0.1,0.1,0,0.1,0.05,0,0.05,0.05,0.05
308,FW,Ghana,31-098,1991,3,2,136,1.5,0,1,0,0,0,0,0,0,0.66,0.66,0,0.66,0.1,0.1,0.5,0.5,0.03,0.32,0.36,0.03,0.36
309,MF,England,32-184,1990,4,3,271,3,1,0,1,0,0,0,0,0.33,0,0.33,0.33,0.33,0.2,0.2,0.3,0.5,0.05,0.11,0.16,0.05,0.16
310,FW,United States,28-053,1994,2,0,4,0,0,0,0,0,0,0,0,0,0,0,0,0,0,0,0,0,0,0,0,0,0
311,GK,England,28-286,1994,5,5,450,5,0,0,0,0,0,0,0,0,0,0,0,0,0,0,0,0,0,0,0,0,0
312,MF,France,29-292,1993,1,1,62,0.7,0,0,0,0,0,0,0,0,0,0,0,0,0,0,0,0,0,0,0,0,0
313,DF,Spain,33-272,1989,4,3,264,2.9,0,2,0,0,0,0,0,0,0.68,0.68,0,0.68,0,0,0.9,0.9,0.01,0.31,0.32,0.01,0.32
314,DF,Mexico,25-008,1997,2,2,175,1.9,0,0,0,0,0,1,0,0,0,0,0,0,0,0,0,0,0.01,0,0.01,0.01,0.01
315,FW,United States,22-301,2000,3,2,157,1.7,0,0,0,0,0,0,0,0,0,0,0,0,0.4,0.4,0.1,0.4,0.21,0.04,0.25,0.21,0.25
316,MF,Germany,27-313,1995,3,3,270,3,0,0,0,0,0,1,0,0,0,0,0,0,0.4,0.4,1.1,1.5,0.12,0.37,0.49,0.12,0.49
317,DF,Croatia,27-124,1995,6,6,600,6.7,0,1,0,0,0,0,0,0,0.15,0.15,0,0.15,0,0,0.3,0.4,0.01,0.05,0.06,0.01,0.06
318,DF,Croatia,22-260,2000,1,1,90,1,0,0,0,0,0,0,0,0,0,0,0,0,0,0,0,0,0.02,0,0.02,0.02,0.02
319,DF,Croatia,22-293,2000,1,1,90,1,0,0,0,0,0,0,0,0,0,0,0,0,0,0,0,0,0,0,0,0,0
320,MF,Ecuador,23-281,1999,2,0,59,0.7,0,0,0,0,0,0,0,0,0,0,0,0,0,0,0,0,0.03,0,0.03,0.03,0.03
321,DF,Uruguay,27-332,1995,3,3,270,3,0,0,0,0,0,1,0,0,0,0,0,0,0.2,0.2,0,0.2,0.06,0,0.06,0.06,0.06
322,DF,Portugal,28-205,1994,4,3,310,3.4,0,0,0,0,0,0,0,0,0,0,0,0,0,0,0,0,0.01,0,0.01,0.01,0.01
323,FW,Portugal,23-038,1999,4,4,331,3.7,1,2,1,0,0,1,0,0.27,0.54,0.82,0.27,0.82,0.9,0.9,0.4,1.2,0.24,0.1,0.34,0.24,0.34
324,FW,Portugal,29-333,1993,2,1,84,0.9,0,0,0,0,0,0,0,0,0,0,0,0,0,0,0,0,0,0,0,0,0
325,MF,Portugal,27-162,1995,3,0,38,0.4,0,0,0,0,0,0,0,0,0,0,0,0,0,0,0.1,0.2,0.06,0.3,0.36,0.06,0.36
326,DF,Croatia,20-329,2002,7,7,690,7.7,1,0,1,0,0,0,0,0.13,0,0.13,0.13,0.13,0.1,0.1,0,0.2,0.02,0.01,0.03,0.02,0.03
327,DF,Argentina,24-340,1998,1,0,5,0.1,0,0,0,0,0,0,0,0,0,0,0,0,0,0,0,0,0,0,0,0,0
328,DF,Costa Rica,27-195,1995,1,1,90,1,1,0,1,0,0,0,0,1,0,1,1,1,0.5,0.5,0,0.5,0.46,0,0.46,0.46,0.46
329,MF,England,19-172,2003,5,5,414,4.6,1,1,1,0,0,0,0,0.22,0.22,0.43,0.22,0.43,0.6,0.6,0.3,0.9,0.12,0.07,0.19,0.12,0.19
330,DF,France,24-036,1998,6,5,480,5.3,0,0,0,0,0,1,0,0,0,0,0,0,0.2,0.2,0.1,0.3,0.04,0.01,0.05,0.04,0.05
331,FW,Argentina,22-321,2000,7,5,464,5.2,4,0,4,0,0,0,0,0.78,0,0.78,0.78,0.78,2.6,2.6,0.1,2.7,0.51,0.02,0.53,0.51,0.53
332,MF,Korea Republic,33-004,1989,4,4,303,3.4,0,0,0,0,0,2,0,0,0,0,0,0,0,0,0.1,0.2,0.01,0.04,0.05,0.01,0.05
333,FW,Canada,32-196,1990,3,2,161,1.8,0,0,0,0,0,1,0,0,0,0,0,0,0.1,0.1,0.4,0.5,0.08,0.21,0.28,0.08,0.28
334,MF,Japan,29-284,1993,4,3,324,3.6,0,1,0,0,0,0,0,0,0.28,0.28,0,0.28,0.2,0.2,0.2,0.4,0.05,0.07,0.12,0.05,0.12
335,DF,Netherlands,21-184,2001,4,4,390,4.3,0,0,0,0,0,1,0,0,0,0,0,0,0,0,0,0,0,0,0,0,0
336,FW,Germany,23-190,1999,2,1,102,1.1,2,0,2,0,0,0,0,1.76,0,1.76,1.76,1.76,1.4,1.4,0.2,1.6,1.19,0.17,1.36,1.19,1.36
337,DF,Senegal,31-181,1991,4,4,360,4,1,0,1,0,0,1,0,0.25,0,0.25,0.25,0.25,0.5,0.5,0,0.5,0.12,0.01,0.13,0.12,0.13
338,MF,England,27-016,1995,2,0,42,0.5,0,1,0,0,0,0,0,0,2.14,2.14,0,2.14,0,0,0.1,0.1,0,0.17,0.17,0,0.17
339,DF,Canada,25-216,1997,3,3,270,3,0,0,0,0,0,1,0,0,0,0,0,0,0,0,0,0,0,0,0,0,0
340,FW,Ghana,20-306,2002,2,0,58,0.6,0,0,0,0,0,1,0,0,0,0,0,0,0.1,0.1,0,0.1,0.09,0,0.09,0.09,0.09
341,DF,Poland,34-318,1988,4,4,360,4,0,0,0,0,0,0,0,0,0,0,0,0,0.2,0.2,0,0.2,0.06,0,0.06,0.06,0.06
342,MF,Poland,34-193,1988,1,0,4,0,0,0,0,0,0,0,0,0,0,0,0,0,0,0,0.1,0.1,0,1.69,1.69,0,1.69
343,MF,Japan,25-212,1997,4,0,165,1.8,0,1,0,0,0,0,0,0,0.55,0.55,0,0.55,0.1,0.1,1.2,1.3,0.05,0.83,0.88,0.05,0.88
344,FW,IR Iran,32-259,1990,2,0,35,0.4,0,0,0,0,0,0,0,0,0,0,0,0,0.1,0.1,0.1,0.1,0.17,0.2,0.36,0.17,0.36
345,MF,Qatar,32-093,1990,3,2,185,2.1,0,0,0,0,0,1,0,0,0,0,0,0,0,0,0,0,0,0,0,0,0
346,FW,Cameroon,30-095,1992,3,2,166,1.8,0,0,0,0,0,0,0,0,0,0,0,0,0.2,0.2,0.3,0.4,0.1,0.14,0.24,0.1,0.24
347,FW,Poland,25-329,1997,1,1,45,0.5,0,0,0,0,0,0,0,0,0,0,0,0,0,0,0,0,0,0,0,0,0
348,FW,Denmark,25-073,1997,3,1,114,1.3,0,0,0,0,0,0,0,0,0,0,0,0,0.4,0.4,0.1,0.5,0.31,0.05,0.37,0.31,0.37
349,GK,Denmark,36-043,1986,3,3,270,3,0,0,0,0,0,0,0,0,0,0,0,0,0,0,0,0,0,0,0,0,0
350,MF,Australia,24-194,1998,4,1,114,1.3,0,0,0,0,0,0,0,0,0,0,0,0,0,0,0,0,0.04,0,0.04,0.04,0.04
351,MF,United States,27-147,1995,2,0,43,0.5,0,0,0,0,0,1,0,0,0,0,0,0,0,0,0,0,0,0,0,0,0
352,DF,Costa Rica,34-351,1988,3,2,225,2.5,0,0,0,0,0,0,0,0,0,0,0,0,0.2,0.2,0,0.2,0.06,0,0.06,0.06,0.06
353,MF,Netherlands,20-216,2002,1,0,5,0.1,0,0,0,0,0,0,0,0,0,0,0,0,0,0,0,0,0,0,0,0,0
354,FW,Belgium,31-173,1991,3,3,270,3,0,0,0,0,0,0,0,0,0,0,0,0,0.2,0.2,0.9,1.1,0.08,0.3,0.38,0.08,0.38
355,FW,Ecuador,22-289,2000,2,0,2,0,0,0,0,0,0,0,0,0,0,0,0,0,,,,,,,,,
356,DF,Mexico,23-337,1999,2,1,70,0.8,0,0,0,0,0,0,0,0,0,0,0,0,0,0,0,0,0,0,0,0,0
357,GK,Costa Rica,36-003,1986,3,3,270,3,0,0,0,0,0,0,0,0,0,0,0,0,0,0,0,0,0,0,0,0,0
358,DF,Costa Rica,28-160,1994,3,3,253,2.8,1,0,1,0,0,0,0,0.36,0,0.36,0.36,0.36,0.4,0.4,0.2,0.5,0.14,0.05,0.19,0.14,0.19
359,FW,Wales,30-132,1992,3,2,225,2.5,0,0,0,0,0,0,0,0,0,0,0,0,1,1,0.2,1.3,0.41,0.1,0.51,0.41,0.51
360,DF,England,32-090,1990,3,2,206,2.3,0,0,0,0,0,0,0,0,0,0,0,0,0,0,0.1,0.2,0.02,0.07,0.09,0.02,0.09
361,DF,Korea Republic,30-188,1992,4,4,315,3.5,0,1,0,0,0,0,0,0,0.29,0.29,0,0.29,0.3,0.3,0.6,0.9,0.09,0.17,0.27,0.09,0.27
362,DF,Korea Republic,26-033,1996,3,3,269,3,0,0,0,0,0,0,0,0,0,0,0,0,0.1,0.1,0,0.1,0.03,0,0.03,0.03,0.03
363,DF,Korea Republic,27-139,1995,4,4,360,4,0,0,0,0,0,0,0,0,0,0,0,0,0,0,0.6,0.6,0,0.15,0.15,0,0.15
364,GK,Korea Republic,32-079,1990,4,4,360,4,0,0,0,0,0,0,0,0,0,0,0,0,0,0,0,0,0,0,0,0,0
365,DF,Korea Republic,32-294,1990,4,4,350,3.9,1,0,1,0,0,1,0,0.26,0,0.26,0.26,0.26,0.8,0.8,0.2,0.9,0.19,0.05,0.24,0.19,0.24
366,FW,France,26-188,1996,6,1,169,1.9,0,0,0,0,0,0,0,0,0,0,0,0,0.2,0.2,0.1,0.2,0.1,0.05,0.15,0.1,0.15
367,DF,Japan,25-325,1997,3,3,270,3,0,1,0,0,0,2,0,0,0.33,0.33,0,0.33,0.2,0.2,0.1,0.2,0.05,0.03,0.08,0.05,0.08
368,MF,Spain,30-344,1992,2,0,52,0.6,0,0,0,0,0,0,0,0,0,0,0,0,0,0,0,0,0,0,0,0,0
369,FW,Croatia,25-218,1997,1,0,1,0,0,0,0,0,0,0,0,0,0,0,0,0,0,0,0,0,0,0,0,0,0
370,MF,Poland,24-348,1998,4,2,216,2.4,0,0,0,0,0,0,0,0,0,0,0,0,0.2,0.2,0,0.2,0.07,0,0.07,0.07,0.07
371,FW,Poland,27-170,1995,2,0,28,0.3,0,0,0,0,0,0,0,0,0,0,0,0,0,0,0,0,0.09,0,0.09,0.09,0.09
372,FW,Senegal,23-296,1999,3,3,181,2,0,0,0,0,0,0,0,0,0,0,0,0,0.1,0.1,0.2,0.3,0.06,0.09,0.16,0.06,0.16
373,FW,Ghana,22-138,2000,3,3,247,2.7,2,0,2,0,0,1,0,0.73,0,0.73,0.73,0.73,0.8,0.8,0,0.8,0.3,0,0.3,0.3,0.3
374,FW,Korea Republic,28-171,1994,1,1,56,0.6,0,0,0,0,0,0,0,0,0,0,0,0,0,0,0.2,0.2,0,0.29,0.29,0,0.29
375,DF,Korea Republic,30-321,1992,2,1,91,1,0,0,0,0,0,0,0,0,0,0,0,0,0,0,0,0,0.02,0,0.02,0.02,0.02
376,DF,Australia,24-177,1998,4,4,360,4,0,0,0,0,0,0,0,0,0,0,0,0,0,0,0,0,0,0,0,0,0
377,DF,England,32-204,1990,3,3,236,2.6,0,0,0,0,0,0,0,0,0,0,0,0,0,0,0,0,0,0,0,0,0
378,FW,France,23-363,1998,7,6,598,6.6,8,2,6,2,2,0,0,1.2,0.3,1.51,0.9,1.2,5.2,3.6,1.3,5,0.82,0.21,1.03,0.57,0.79
379,FW,Argentina,25-118,1997,6,2,241,2.7,0,0,0,0,0,0,0,0,0,0,0,0,1.8,1.8,0,1.9,0.86,0.02,0.87,0.86,0.87
380,GK,Ghana,26-019,1996,3,3,270,3,0,0,0,0,0,0,0,0,0,0,0,0,0,0,0,0,0,0,0,0,0
381,DF,Belgium,27-247,1995,2,2,161,1.8,0,0,0,0,0,1,0,0,0,0,0,0,0.1,0.1,0.4,0.4,0.05,0.2,0.25,0.05,0.25
382,MF,Argentina,28-172,1994,5,2,225,2.5,0,0,0,0,0,2,0,0,0,0,0,0,0,0,0,0.1,0.01,0.02,0.03,0.01,0.03
383,FW,Belgium,28-014,1994,3,1,103,1.1,0,0,0,0,0,0,0,0,0,0,0,0,0,0,0.1,0.1,0,0.08,0.08,0,0.08
384,MF,Korea Republic,30-130,1992,3,3,211,2.3,0,0,0,0,0,0,0,0,0,0,0,0,0,0,0,0.1,0.01,0.02,0.03,0.01,0.03
385,MF,Korea Republic,21-302,2001,4,1,147,1.6,0,1,0,0,0,1,0,0,0.61,0.61,0,0.61,0.2,0.2,0.3,0.4,0.09,0.17,0.27,0.09,0.27
386,MF,Germany,27-315,1995,3,2,159,1.8,0,0,0,0,0,1,0,0,0,0,0,0,0.5,0.5,0,0.5,0.26,0.01,0.27,0.26,0.27
387,FW,Germany,26-341,1996,2,1,111,1.2,0,1,0,0,0,0,0,0,0.81,0.81,0,0.81,0.1,0.1,1.8,1.9,0.09,1.44,1.54,0.09,1.54
388,DF,Canada,23-082,1999,1,0,10,0.1,0,0,0,0,0,0,0,0,0,0,0,0,0,0,0,0,0,0,0,0,0
389,FW,Argentina,35-177,1987,7,7,690,7.7,7,3,3,4,5,1,0,0.91,0.39,1.3,0.39,0.78,6.6,2.6,2.5,5.1,0.94,0.36,1.3,0.38,0.74
390,DF,Argentina,24-334,1998,5,2,303,3.4,0,0,0,0,0,1,0,0,0,0,0,0,0.1,0.1,0.7,0.8,0.04,0.21,0.25,0.04,0.25
391,MF,Croatia,24-335,1998,7,1,130,1.4,1,0,1,0,0,0,0,0.69,0,0.69,0.69,0.69,0.7,0.7,0.1,0.8,0.67,0.07,0.74,0.67,0.74
392,FW,Belgium,22-305,2000,1,0,13,0.1,0,0,0,0,0,0,0,0,0,0,0,0,0,0,0,0,0,0,0,0,0
393,FW,Canada,29-355,1992,1,0,19,0.2,0,0,0,0,0,0,0,0,0,0,0,0,0,0,0,0,0,0,0,0,0
394,DF,France,26-307,1996,1,1,12,0.1,0,0,0,0,0,0,0,0,0,0,0,0,0,0,0,0,0,0,0,0,0
395,MF,Brazil,25-113,1997,4,4,314,3.5,1,1,1,0,0,0,0,0.29,0.29,0.57,0.29,0.57,0.8,0.8,1.5,2.3,0.24,0.43,0.67,0.24,0.67
396,MF,Mexico,26-337,1996,3,3,270,3,1,0,1,0,0,0,0,0.33,0,0.33,0.33,0.33,0.3,0.3,0.5,0.7,0.1,0.15,0.25,0.1,0.25
397,FW,Uruguay,35-328,1987,3,2,146,1.6,0,1,0,0,0,1,0,0,0.62,0.62,0,0.62,0.4,0.4,0.1,0.5,0.26,0.04,0.29,0.26,0.29
398,FW,Serbia,24-360,1997,1,0,36,0.4,0,0,0,0,0,1,0,0,0,0,0,0,0.1,0.1,0.2,0.2,0.13,0.4,0.53,0.13,0.53
399,MF,Croatia,37-100,1985,7,7,653,7.3,0,0,0,0,0,1,0,0,0,0,0,0,0.4,0.4,0.7,1.1,0.06,0.11,0.16,0.06,0.16
400,DF,Germany,26-198,1996,2,0,66,0.7,0,0,0,0,0,0,0,0,0,0,0,0,0,0,0,0,0,0,0,0,0
401,DF,England,27-159,1995,5,5,424,4.7,0,1,0,0,0,0,0,0,0.21,0.21,0,0.21,0.1,0.1,0.8,0.9,0.02,0.17,0.19,0.02,0.19
402,FW,Netherlands,32-113,1990,1,0,57,0.6,0,0,0,0,0,0,0,0,0,0,0,0,0.1,0.1,0,0.1,0.25,0,0.25,0.25,0.25
403,DF,IR Iran,26-181,1996,3,3,270,3,0,0,0,0,0,1,0,0,0,0,0,0,0,0,0,0,0,0,0,0,0
404,DF,Switzerland,27-152,1995,4,4,360,4,1,0,1,0,0,1,0,0.25,0,0.25,0.25,0.25,1.1,1.1,0.1,1.2,0.28,0.03,0.3,0.28,0.3
405,GK,Germany,36-266,1986,3,3,270,3,0,0,0,0,0,0,0,0,0,0,0,0,0,0,0,0,0,0,0,0,0
406,MF,Croatia,30-032,1992,6,6,552,6.1,0,0,0,0,0,1,0,0,0,0,0,0,0.5,0.5,0.2,0.7,0.09,0.03,0.12,0.09,0.12
407,FW,Spain,26-331,1996,4,3,229,2.5,1,0,1,0,0,0,0,0.39,0,0.39,0.39,0.39,1.2,1.2,0.1,1.3,0.48,0.02,0.5,0.48,0.5
408,DF,Argentina,31-051,1991,6,4,373,4.1,0,0,0,0,0,3,0,0,0,0,0,0,0.1,0.1,0.3,0.4,0.02,0.07,0.1,0.02,0.1
409,DF,Spain,27-322,1995,1,1,120,1.3,0,0,0,0,0,0,0,0,0,0,0,0,0,0,0,0,0.02,0,0.02,0.02,0.02
410,FW,England,25-048,1997,5,1,140,1.6,3,0,3,0,0,0,0,1.93,0,1.93,1.93,1.93,1.6,1.6,0,1.6,1.03,0,1.03,1.03,1.03
411,FW,France,25-134,1997,5,0,151,1.7,0,2,0,0,0,1,0,0,1.19,1.19,0,1.19,0.2,0.2,0.2,0.4,0.16,0.16,0.32,0.16,0.32
412,MF,Germany,30-198,1992,2,0,36,0.4,0,0,0,0,0,0,0,0,0,0,0,0,0.1,0.1,0.1,0.2,0.21,0.29,0.5,0.21,0.5
413,FW,Croatia,27-312,1995,7,2,271,3,0,0,0,0,0,0,0,0,0,0,0,0,0.3,0.3,0.2,0.5,0.1,0.07,0.17,0.1,0.17
414,MF,Canada,28-016,1994,1,1,59,0.7,0,0,0,0,0,0,0,0,0,0,0,0,0,0,0,0,0.06,0,0.06,0.06,0.06
415,MF,Serbia,26-249,1996,1,0,13,0.1,0,0,0,0,0,0,0,0,0,0,0,0,0,0,0,0,0.26,0,0.26,0.26,0.26
416,FW,Croatia,29-114,1993,6,3,241,2.7,1,1,1,0,0,0,0,0.37,0.37,0.75,0.37,0.75,0.8,0.8,0.1,0.9,0.31,0.03,0.34,0.31,0.34
417,DF,Brazil,28-218,1994,5,4,426,4.7,0,0,0,0,0,1,0,0,0,0,0,0,0.2,0.2,0.8,0.9,0.04,0.17,0.21,0.04,0.21
418,MF,Netherlands,31-264,1991,5,3,184,2,0,0,0,0,0,0,0,0,0,0,0,0,0,0,0,0,0,0,0,0,0
419,FW,Denmark,31-196,1991,2,1,103,1.1,0,0,0,0,0,0,0,0,0,0,0,0,0.1,0.1,0.1,0.2,0.06,0.12,0.18,0.06,0.18
420,MF,Cameroon,24-277,1998,2,2,121,1.3,0,0,0,0,0,0,0,0,0,0,0,0,0.1,0.1,0.1,0.1,0.04,0.05,0.09,0.04,0.09
421,FW,Brazil,21-183,2001,3,1,113,1.3,0,0,0,0,0,0,0,0,0,0,0,0,0.5,0.5,0.2,0.7,0.42,0.14,0.56,0.42,0.56
422,DF,Uruguay,35-255,1987,1,1,90,1,0,0,0,0,0,1,0,0,0,0,0,0,0,0,0,0,0,0,0,0,0
423,MF,England,23-342,1999,4,2,186,2.1,0,0,0,0,0,0,0,0,0,0,0,0,0.2,0.2,0,0.2,0.1,0.02,0.12,0.1,0.12
424,MF,Croatia,28-226,1994,7,7,635,7.1,0,0,0,0,0,2,0,0,0,0,0,0,0.3,0.3,1,1.3,0.05,0.14,0.18,0.05,0.18
425,MF,Portugal,24-113,1998,2,1,73,0.8,0,0,0,0,0,0,0,0,0,0,0,0,0,0,0.1,0.1,0.03,0.12,0.14,0.03,0.14
426,MF,Australia,31-317,1991,4,4,333,3.7,1,1,1,0,0,0,0,0.27,0.27,0.54,0.27,0.54,0.1,0.1,0.3,0.5,0.04,0.08,0.12,0.04,0.12
427,GK,Australia,30-254,1992,4,4,360,4,0,0,0,0,0,0,0,0,0,0,0,0,0,0,0,0,0,0,0,0,0
428,MF,Denmark,26-351,1996,2,1,84,0.9,0,0,0,0,0,1,0,0,0,0,0,0,0.1,0.1,0.4,0.5,0.11,0.38,0.5,0.11,0.5
429,DF,Uruguay,25-048,1997,3,3,253,2.8,0,0,0,0,0,1,0,0,0,0,0,0,0.1,0.1,0.4,0.5,0.03,0.15,0.18,0.03,0.18
430,GK,United States,28-177,1994,4,4,360,4,0,0,0,0,0,0,0,0,0,0,0,0,0,0,0,0,0,0,0,0,0
431,DF,Germany,28-333,1994,1,0,1,0,0,0,0,0,0,0,0,0,0,0,0,0,0,0,0,0,0,0,0,0,0
432,DF,Netherlands,23-128,1999,2,1,91,1,0,0,0,0,0,1,0,0,0,0,0,0,0,0,0,0,0,0,0,0,0
433,DF,Poland,25-133,1997,4,4,360,4,0,0,0,0,0,2,0,0,0,0,0,0,0,0,0.2,0.2,0.01,0.04,0.05,0.01,0.05
434,FW,France,23-248,1999,1,1,78,0.9,0,0,0,0,0,0,0,0,0,0,0,0,0,0,0,0,0,0,0,0,0
435,MF,Uruguay,31-116,1991,3,2,195,2.2,0,0,0,0,0,0,0,0,0,0,0,0,0.1,0.1,0,0.1,0.05,0,0.05,0.05,0.05
436,DF,Uruguay,25-039,1997,2,0,17,0.2,0,0,0,0,0,0,0,0,0,0,0,0,0,0,0,0,0,0,0,0,0
437,FW,Uruguay,26-126,1996,2,0,30,0.3,0,0,0,0,0,0,0,0,0,0,0,0,0.1,0.1,0,0.1,0.26,0,0.26,0.26,0.26
438,DF,Japan,34-116,1988,4,4,390,4.3,0,1,0,0,0,1,0,0,0.23,0.23,0,0.23,0,0,0.4,0.4,0,0.09,0.09,0,0.09
439,FW,IR Iran,30-153,1992,3,3,270,3,2,1,1,1,1,0,0,0.67,0.33,1,0.33,0.67,1.3,0.6,0.7,1.2,0.45,0.22,0.67,0.18,0.4
440,MF,IR Iran,28-099,1994,3,0,62,0.7,0,0,0,0,0,0,0,0,0,0,0,0,0.1,0.1,0.6,0.7,0.18,0.82,1,0.18,1
441,FW,Netherlands,28-308,1994,5,3,297,3.3,1,0,1,0,0,1,0,0.3,0,0.3,0.3,0.3,1.5,1.5,0.5,2,0.44,0.16,0.61,0.44,0.61
442,GK,Qatar,24-307,1998,2,2,180,2,0,0,0,0,0,0,0,0,0,0,0,0,0,0,0,0,0,0,0,0,0
443,FW,Ecuador,26-255,1996,3,3,225,2.5,0,0,0,0,0,0,0,0,0,0,0,0,0.3,0.3,0,0.3,0.13,0.01,0.13,0.13,0.13
444,MF,Poland,22-306,2000,1,0,45,0.5,0,0,0,0,0,0,0,0,0,0,0,0,0,0,0,0,0.04,0,0.04,0.04,0.04
445,MF,Switzerland,25-346,1997,1,0,16,0.2,0,0,0,0,0,0,0,0,0,0,0,0,0,0,0,0,0,0,0,0,0
446,FW,Belgium,29-077,1993,2,2,151,1.7,1,0,1,0,0,0,0,0.6,0,0.6,0.6,0.6,0.8,0.8,0.1,0.8,0.45,0.03,0.48,0.45,0.48
447,DF,Japan,28-361,1993,1,1,61,0.7,0,0,0,0,0,1,0,0,0,0,0,0,0,0,0.1,0.1,0,0.11,0.11,0,0.11
448,MF,Denmark,22-168,2000,3,1,150,1.7,0,0,0,0,0,0,0,0,0,0,0,0,0,0,0.3,0.3,0,0.2,0.2,0,0.2
449,DF,IR Iran,29-080,1993,3,3,196,2.2,0,0,0,0,0,0,0,0,0,0,0,0,0,0,0,0,0,0,0,0,0
450,GK,Canada,35-056,1987,3,3,270,3,0,0,0,0,0,0,0,0,0,0,0,0,0,0,0,0,0,0,0,0,0
451,DF,Australia,28-234,1994,4,2,183,2,0,0,0,0,0,2,0,0,0,0,0,0,0,0,0,0,0,0,0,0,0
452,DF,Serbia,27-083,1995,3,3,221,2.5,0,0,0,0,0,0,0,0,0,0,0,0,0,0,0,0,0,0,0,0,0
453,FW,Croatia,29-354,1992,6,1,162,1.8,1,2,1,0,0,0,0,0.56,1.11,1.67,0.56,1.67,0.4,0.4,1.1,1.4,0.23,0.68,0.9,0.23,0.9
454,FW,Australia,31-334,1991,4,4,270,3,1,0,1,0,0,1,0,0.33,0,0.33,0.33,0.33,0.4,0.4,0,0.4,0.12,0.01,0.13,0.12,0.13
455,MF,Tunisia,23-103,1999,1,1,73,0.8,0,0,0,0,0,0,0,0,0,0,0,0,0,0,0,0,0,0,0,0,0
456,DF,Tunisia,26-176,1996,2,2,132,1.5,0,0,0,0,0,0,0,0,0,0,0,0,0.2,0.2,0,0.2,0.14,0.01,0.15,0.14,0.15
457,MF,Saudi Arabia,28-087,1994,3,3,270,3,0,0,0,0,0,0,0,0,0,0,0,0,0.3,0.3,0,0.3,0.1,0,0.1,0.1,0.1
458,DF,Saudi Arabia,30-094,1992,2,1,65,0.7,0,0,0,0,0,0,0,0,0,0,0,0,0.4,0,0,0.1,0.51,0.07,0.58,0.03,0.1
459,GK,Saudi Arabia,31-069,1991,3,3,270,3,0,0,0,0,0,1,0,0,0,0,0,0,0,0,0,0,0,0,0,0,0
460,FW,Qatar,28-363,1993,3,0,63,0.7,1,0,1,0,0,0,0,1.43,0,1.43,1.43,1.43,0.2,0.2,0,0.2,0.3,0.03,0.33,0.3,0.33
461,DF,Ghana,23-245,1999,3,3,270,3,1,0,1,0,0,0,0,0.33,0,0.33,0.33,0.33,0.8,0.8,0.2,1,0.26,0.08,0.34,0.26,0.34
462,MF,Qatar,23-091,1999,2,0,28,0.3,0,0,0,0,0,0,0,0,0,0,0,0,0,0,0,0,0,0,0,0,0
463,MF,Ecuador,21-046,2001,3,3,269,3,1,0,1,0,0,1,0,0.33,0,0.33,0.33,0.33,0.5,0.5,0,0.5,0.17,0,0.17,0.17,0.17
464,DF,Tunisia,24-206,1998,3,3,270,3,0,0,0,0,0,0,0,0,0,0,0,0,0,0,0,0,0,0,0,0,0
465,DF,IR Iran,30-243,1992,3,3,270,3,0,0,0,0,0,1,0,0,0,0,0,0,0.1,0.1,0.2,0.3,0.03,0.07,0.09,0.03,0.09
466,FW,Cameroon,28-162,1994,2,1,95,1.1,0,0,0,0,0,0,0,0,0,0,0,0,0,0,0.2,0.2,0,0.15,0.15,0,0.15
467,GK,Morocco,33-222,1989,1,1,90,1,0,0,0,0,0,0,0,0,0,0,0,0,0,0,0,0,0,0,0,0,0
468,DF,Qatar,29-083,1993,1,0,6,0.1,0,0,0,0,0,0,0,0,0,0,0,0,0,0,0,0,0,0,0,0,0
469,FW,Korea Republic,26-128,1996,2,1,119,1.3,0,0,0,0,0,0,0,0,0,0,0,0,0,0,0.1,0.2,0.03,0.09,0.12,0.03,0.12
470,DF,Tunisia,27-303,1995,1,1,90,1,0,0,0,0,0,0,0,0,0,0,0,0,0,0,0,0,0,0,0,0,0
471,DF,Argentina,24-256,1998,7,6,567,6.3,1,1,1,0,0,0,0,0.16,0.16,0.32,0.16,0.32,0.5,0.5,0.3,0.8,0.07,0.05,0.12,0.07,0.12
472,MF,Senegal,30-178,1992,4,3,272,3,0,0,0,0,0,1,0,0,0,0,0,0,0.1,0.1,0,0.1,0.02,0.01,0.03,0.02,0.03
473,FW,Saudi Arabia,23-364,1998,1,0,5,0.1,0,0,0,0,0,0,0,0,0,0,0,0,0,0,0.1,0.1,0,1.27,1.27,0,1.27
474,DF,Netherlands,27-303,1995,5,5,479,5.3,0,0,0,0,0,1,0,0,0,0,0,0,0,0,0,0,0,0,0,0,0
475,DF,Australia,23-188,1999,1,1,84,0.9,0,0,0,0,0,0,0,0,0,0,0,0,0,0,0,0,0,0,0,0,0
476,MF,Saudi Arabia,32-326,1990,2,0,88,1,0,0,0,0,0,1,0,0,0,0,0,0,0.1,0.1,0.1,0.2,0.13,0.06,0.2,0.13,0.2
477,DF,Morocco,26-263,1996,4,4,353,3.9,0,0,0,0,0,0,0,0,0,0,0,0,0.2,0.2,0,0.2,0.04,0.01,0.05,0.04,0.05
478,MF,Tunisia,30-144,1992,2,1,114,1.3,0,0,0,0,0,0,0,0,0,0,0,0,0.1,0.1,0.1,0.3,0.11,0.1,0.21,0.11,0.21
479,DF,Wales,21-249,2001,3,3,204,2.3,0,0,0,0,0,0,0,0,0,0,0,0,0.1,0.1,0.1,0.2,0.04,0.03,0.07,0.04,0.07
480,MF,Serbia,31-032,1991,2,1,92,1,0,0,0,0,0,2,0,0,0,0,0,0,0,0,0,0,0,0,0,0,0
481,MF,Serbia,27-326,1995,3,1,122,1.4,0,0,0,0,0,0,0,0,0,0,0,0,0,0,0.1,0.1,0,0.07,0.07,0,0.07
482,DF,Serbia,26-306,1996,3,0,60,0.7,0,0,0,0,0,0,0,0,0,0,0,0,0.1,0.1,0,0.1,0.15,0.05,0.19,0.15,0.19
483,MF,Brazil,30-316,1992,3,3,279,3.1,2,0,1,1,1,0,0,0.65,0,0.65,0.32,0.32,2.7,1.9,0.8,2.7,0.98,0.29,1.27,0.7,0.98
484,FW,Germany,29-312,1993,3,0,69,0.8,2,1,2,0,0,0,0,2.61,1.3,3.91,2.61,3.91,2.2,2.2,0.6,2.8,2.86,0.76,3.62,2.86,3.62
485,DF,Switzerland,26-079,1996,2,2,180,2,0,0,0,0,0,1,0,0,0,0,0,0,0.1,0.1,0,0.1,0.04,0,0.04,0.04,0.04
486,DF,Germany,23-017,1999,2,1,94,1,0,0,0,0,0,0,0,0,0,0,0,0,0,0,0.1,0.1,0,0.07,0.07,0,0.07
487,FW,Spain,20-159,2002,4,1,146,1.6,0,0,0,0,0,0,0,0,0,0,0,0,0.1,0.1,0,0.1,0.07,0,0.07,0.07,0.07
488,MF,Poland,20-329,2002,2,1,65,0.7,0,0,0,0,0,0,0,0,0,0,0,0,0,0,0,0,0,0,0,0,0
489,FW,Senegal,21-181,2001,1,0,17,0.2,0,0,0,0,0,0,0,0,0,0,0,0,0,0,0,0,0,0,0,0,0
490,DF,Cameroon,32-266,1990,2,2,180,2,0,1,0,0,0,1,0,0,0.5,0.5,0,0.5,0.3,0.3,0,0.3,0.14,0,0.14,0.14,0.14
491,MF,Uruguay,25-200,1997,2,0,38,0.4,0,0,0,0,0,0,0,0,0,0,0,0,0,0,0,0,0.09,0,0.09,0.09,0.09
492,DF,Argentina,34-309,1988,7,7,690,7.7,0,1,0,0,0,2,0,0,0.13,0.13,0,0.13,0,0,0.2,0.2,0,0.02,0.03,0,0.03
493,DF,Argentina,30-109,1992,6,3,373,4.1,0,0,0,0,0,0,0,0,0,0,0,0,1,1,0.2,1.2,0.26,0.05,0.31,0.26,0.31
494,DF,Germany,27-106,1995,3,3,269,3,0,0,0,0,0,0,0,0,0,0,0,0,0.1,0.1,0,0.1,0.04,0,0.04,0.04,0.04
495,DF,Serbia,25-067,1997,3,3,270,3,0,0,0,0,0,2,0,0,0,0,0,0,0.2,0.2,0,0.2,0.06,0,0.06,0.06,0.06
496,FW,Croatia,25-075,1997,6,1,209,2.3,0,0,0,0,0,0,0,0,0,0,0,0,0.4,0.4,0,0.4,0.25,0,0.25,0.25,0.25
497,MF,Netherlands,23-184,1999,1,0,8,0.1,0,0,0,0,0,1,0,0,0,0,0,0,0,0,0,0,,,,,
498,FW,Switzerland,22-208,2000,3,0,45,0.5,0,0,0,0,0,0,0,0,0,0,0,0,0,0,0,0.1,0.05,0.09,0.14,0.05,0.14
499,DF,Cameroon,25-178,1997,3,3,270,3,0,0,0,0,0,1,0,0,0,0,0,0,0,0,0,0,0,0,0,0,0
500,DF,Morocco,25-034,1997,5,5,365,4.1,0,0,0,0,0,0,0,0,0,0,0,0,0.2,0.2,0,0.2,0.04,0.01,0.04,0.04,0.04
501,DF,Portugal,20-182,2002,1,1,41,0.5,0,0,0,0,0,0,0,0,0,0,0,0,0,0,0,0,0,0.04,0.04,0,0.04
502,DF,Mexico,31-111,1991,1,1,90,1,0,0,0,0,0,1,0,0,0,0,0,0,0,0,0,0,0,0,0,0,0
503,FW,France,36-079,1986,6,6,419,4.7,4,0,4,0,0,1,0,0.86,0,0.86,0.86,0.86,3.4,3.4,0.1,3.5,0.72,0.03,0.76,0.72,0.76
504,MF,Cameroon,26-312,1996,1,0,25,0.3,0,0,0,0,0,0,0,0,0,0,0,0,0,0,0,0.1,0.16,0.09,0.25,0.16,0.25
505,MF,Mexico,26-269,1996,1,1,76,0.8,0,0,0,0,0,0,0,0,0,0,0,0,0.3,0.3,0.1,0.4,0.38,0.07,0.45,0.38,0.45
506,MF,Ghana,24-005,1998,2,0,59,0.7,1,0,1,0,0,0,0,1.53,0,1.53,1.53,1.53,0.5,0.5,0.1,0.6,0.76,0.09,0.85,0.76,0.85
507,MF,Portugal,27-312,1995,3,3,196,2.2,0,0,0,0,0,0,0,0,0,0,0,0,0.1,0.1,0.4,0.5,0.05,0.17,0.23,0.05,0.23
508,FW,France,25-217,1997,7,6,433,4.8,0,2,0,0,0,1,0,0,0.42,0.42,0,0.42,0.5,0.5,1.6,2.1,0.1,0.34,0.44,0.1,0.44
509,FW,Spain,30-221,1992,1,0,3,0,0,0,0,0,0,0,0,0,0,0,0,0,0.1,0.1,0.2,0.3,,,,,
510,MF,Korea Republic,25-276,1997,1,0,26,0.3,1,0,1,0,0,0,0,3.46,0,3.46,3.46,3.46,0,0,0,0,0.15,0,0.15,0.15,0.15
511,DF,Senegal,27-095,1995,3,1,105,1.2,0,0,0,0,0,0,0,0,0,0,0,0,0,0,0,0,0,0,0,0,0
512,MF,Senegal,23-328,1999,3,1,153,1.7,0,0,0,0,0,0,0,0,0,0,0,0,0.1,0.1,0.2,0.3,0.07,0.11,0.18,0.07,0.18
513,MF,Senegal,20-095,2002,2,0,59,0.7,0,0,0,0,0,0,0,0,0,0,0,0,0.1,0.1,0,0.2,0.18,0.05,0.23,0.18,0.23
514,MF,Argentina,34-306,1988,2,2,107,1.2,0,0,0,0,0,0,0,0,0,0,0,0,0,0,0,0,0.03,0,0.03,0.03,0.03
515,MF,Senegal,28-277,1994,3,2,146,1.6,0,0,0,0,0,1,0,0,0,0,0,0,0,0,0,0,0.02,0,0.02,0.02,0.02
516,DF,Spain,25-336,1997,1,1,90,1,0,0,0,0,0,0,0,0,0,0,0,0,0,0,0,0,0,0,0,0,0
517,FW,Argentina,29-033,1993,2,0,18,0.2,0,0,0,0,0,0,0,0,0,0,0,0,0,0,0.2,0.2,0,1.03,1.03,0,1.03
518,MF,Spain,20-023,2002,4,4,356,4,0,0,0,0,0,0,0,0,0,0,0,0,0,0,0.8,0.8,0,0.22,0.22,0,0.22
519,FW,Brazil,25-181,1997,2,0,64,0.7,0,0,0,0,0,0,0,0,0,0,0,0,0.5,0.5,0,0.5,1.39,0,1.39,1.39,1.39
520,DF,Portugal,39-295,1983,4,4,360,4,1,0,1,0,0,0,0,0.25,0,0.25,0.25,0.25,0.4,0.4,0,0.4,0.11,0,0.11,0.11,0.11
521,DF,Ecuador,24-331,1998,3,3,270,3,0,0,0,0,0,0,0,0,0,0,0,0,0.1,0.1,0.3,0.3,0.02,0.09,0.11,0.02,0.11
522,FW,England,22-204,2000,4,3,258,2.9,1,2,1,0,0,0,0,0.35,0.7,1.05,0.35,1.05,1.1,1.1,0.6,1.6,0.38,0.2,0.57,0.38,0.57
523,DF,Ecuador,20-343,2002,3,3,270,3,0,0,0,0,0,0,0,0,0,0,0,0,0,0,0,0,0,0,0,0,0
524,MF,Denmark,27-135,1995,3,3,270,3,0,0,0,0,0,0,0,0,0,0,0,0,0,0,0,0.1,0.01,0.01,0.02,0.01,0.02
525,MF,Cameroon,27-145,1995,2,2,131,1.5,0,0,0,0,0,1,0,0,0,0,0,0,0.2,0.2,0.1,0.3,0.15,0.05,0.2,0.15,0.2
526,MF,Poland,28-212,1994,4,4,328,3.6,1,0,1,0,0,0,0,0.27,0,0.27,0.27,0.27,0.6,0.6,0.4,1,0.16,0.11,0.26,0.16,0.26
527,MF,Poland,27-250,1995,4,3,240,2.7,0,0,0,0,0,1,0,0,0,0,0,0,0,0,0.2,0.3,0.01,0.09,0.11,0.01,0.11
528,FW,Portugal,23-191,1999,5,0,88,1,2,0,2,0,0,0,0,2.05,0,2.05,2.05,2.05,0.4,0.4,0.2,0.6,0.42,0.16,0.57,0.42,0.57
529,FW,England,28-010,1994,3,2,149,1.7,1,1,1,0,0,0,0,0.6,0.6,1.21,0.6,1.21,0.4,0.4,0.1,0.5,0.22,0.09,0.31,0.22,0.31
530,DF,IR Iran,32-272,1990,2,2,180,2,1,0,1,0,0,1,0,0.5,0,0.5,0.5,0.5,0.3,0.3,0.3,0.5,0.13,0.14,0.27,0.13,0.27
531,FW,France,24-013,1998,3,1,182,2,1,0,1,0,0,0,0,0.49,0,0.49,0.49,0.49,1.1,1.1,0,1.1,0.65,0,0.65,0.65,0.65
532,DF,Portugal,28-361,1993,4,3,279,3.1,1,2,1,0,0,0,0,0.32,0.65,0.97,0.32,0.97,0.4,0.4,0.6,1,0.12,0.19,0.31,0.12,0.31
533,DF,France,29-237,1993,6,6,518,5.8,0,0,0,0,0,0,0,0,0,0,0,0,0.3,0.3,0,0.3,0.06,0,0.06,0.06,0.06
534,FW,Brazil,26-004,1996,5,4,315,3.5,0,1,0,0,0,0,0,0,0.29,0.29,0,0.29,1.2,1.2,1.3,2.5,0.35,0.38,0.72,0.35,0.72
535,DF,Denmark,25-160,1997,3,3,224,2.5,0,0,0,0,0,1,0,0,0,0,0,0,0,0,0,0,0,0.01,0.01,0,0.01
536,FW,Mexico,31-227,1991,3,0,59,0.7,0,0,0,0,0,0,0,0,0,0,0,0,0,0,0,0,0,0,0,0,0
537,MF,Switzerland,30-247,1992,4,4,323,3.6,1,0,1,0,0,0,0,0.28,0,0.28,0.28,0.28,0.5,0.5,0,0.5,0.14,0,0.14,0.14,0.14
538,FW,Switzerland,31-045,1991,1,0,32,0.4,0,0,0,0,0,0,0,0,0,0,0,0,0,0,0,0,0,0,0,0,0
539,FW,Portugal,28-094,1994,3,1,119,1.3,1,0,1,0,0,0,0,0.76,0,0.76,0.76,0.76,0.8,0.8,0.1,0.8,0.58,0.05,0.63,0.58,0.63
540,DF,Switzerland,30-115,1992,4,4,359,4,0,0,0,0,0,0,0,0,0,0,0,0,0,0,0.2,0.2,0,0.04,0.04,0,0.04
541,FW,Brazil,25-222,1997,4,4,323,3.6,3,0,3,0,0,0,0,0.84,0,0.84,0.84,0.84,2.1,2.1,1,3.1,0.59,0.27,0.86,0.59,0.86
542,DF,Canada,27-345,1995,3,2,160,1.8,0,0,0,0,0,0,0,0,0,0,0,0,0.1,0.1,0.5,0.6,0.04,0.3,0.34,0.04,0.34
543,FW,Australia,24-046,1998,4,4,265,2.9,0,1,0,0,0,0,0,0,0.34,0.34,0,0.34,0.1,0.1,0.6,0.8,0.05,0.22,0.27,0.05,0.27
544,FW,Japan,24-185,1998,4,2,217,2.4,2,0,2,0,0,0,0,0.83,0,0.83,0.83,0.83,0.5,0.5,0.2,0.7,0.21,0.07,0.28,0.21,0.28
545,MF,Saudi Arabia,29-234,1993,1,0,54,0.6,0,0,0,0,0,0,0,0,0,0,0,0,0,0,0,0,0,0.05,0.05,0,0.05
546,MF,Costa Rica,20-231,2002,1,0,1,0,0,0,0,0,0,0,0,0,0,0,0,0,0,0,0,0,0,0,0,0,0
547,FW,Poland,34-119,1988,4,4,360,4,2,1,1,1,2,0,0,0.5,0.25,0.75,0.25,0.5,2.9,1.4,0.4,1.8,0.73,0.1,0.83,0.34,0.44
548,DF,Denmark,26-212,1996,1,0,22,0.2,0,0,0,0,0,1,0,0,0,0,0,0,0,0,0,0,0,0,0,0,0
549,FW,Mexico,24-102,1998,1,0,18,0.2,0,0,0,0,0,1,0,0,0,0,0,0,0,0,0,0,0,0,0,0,0
550,DF,Spain,26-179,1996,4,4,390,4.3,0,0,0,0,0,0,0,0,0,0,0,0,0,0,0.2,0.2,0.01,0.04,0.05,0.01,0.05
551,MF,Uruguay,25-176,1997,3,3,213,2.4,0,0,0,0,0,1,0,0,0,0,0,0,0.6,0.6,0.1,0.8,0.26,0.06,0.32,0.26,0.32
552,MF,Argentina,28-208,1994,7,7,599,6.7,0,0,0,0,0,0,0,0,0,0,0,0,0.9,0.9,0.3,1.2,0.13,0.05,0.18,0.13,0.18
553,MF,Brazil,21-343,2001,5,1,181,2,0,1,0,0,0,0,0,0,0.5,0.5,0,0.5,0.4,0.4,0.4,0.9,0.26,0.25,0.52,0.26,0.52
554,FW,Mexico,31-288,1991,1,0,5,0.1,0,0,0,0,0,0,0,0,0,0,0,0,0.1,0.1,0,0.1,1.23,0,1.23,1.23,1.23
555,DF,Morocco,32-267,1990,6,6,466,5.2,1,0,1,0,0,1,0,0.19,0,0.19,0.19,0.19,0.8,0.8,0,0.8,0.16,0,0.16,0.16,0.16
556,MF,Ecuador,28-085,1994,2,1,68,0.8,0,0,0,0,0,0,0,0,0,0,0,0,0.1,0.1,0,0.1,0.19,0,0.19,0.19,0.19
557,FW,Belgium,29-219,1993,2,0,55,0.6,0,0,0,0,0,0,0,0,0,0,0,0,1.7,1.7,0,1.8,2.84,0.06,2.9,2.84,2.9
558,DF,IR Iran,29-147,1993,2,1,58,0.6,1,0,1,0,0,0,0,1.55,0,1.55,1.55,1.55,0.1,0.1,0,0.1,0.08,0,0.08,0.08,0.08
559,FW,Switzerland,24-135,1998,4,4,285,3.2,0,1,0,0,0,1,0,0,0.32,0.32,0,0.32,0.3,0.3,0.6,0.9,0.11,0.19,0.3,0.11,0.3
560,MF,Wales,20-235,2002,1,0,10,0.1,0,0,0,0,0,0,0,0,0,0,0,0,0,0,0,0,0.21,0,0.21,0.21,0.21
561,DF,Qatar,32-134,1990,3,3,262,2.9,0,0,0,0,0,0,0,0,0,0,0,0,0.1,0.1,0,0.1,0.02,0,0.02,0.02,0.02
562,DF,Costa Rica,28-162,1994,2,0,26,0.3,0,0,0,0,0,0,0,0,0,0,0,0,0,0,0,0,0,0,0,0,0
563,DF,Portugal,25-218,1997,4,4,360,4,0,0,0,0,0,1,0,0,0,0,0,0,0,0,0,0,0.01,0,0.01,0.01,0.01
564,MF,Portugal,25-280,1997,5,4,268,3,0,0,0,0,0,1,0,0,0,0,0,0,0.1,0.1,0,0.1,0.03,0.01,0.04,0.03,0.04
565,GK,Qatar,32-302,1990,1,1,90,1,0,0,0,0,0,1,0,0,0,0,0,0,0,0,0,0,0,0,0,0,0
566,DF,IR Iran,26-292,1996,1,1,90,1,0,0,0,0,0,0,0,0,0,0,0,0,0,0,0,0,0,0,0,0,0
567,MF,IR Iran,26-078,1996,3,2,217,2.4,0,0,0,0,0,0,0,0,0,0,0,0,0.1,0.1,0.2,0.3,0.04,0.08,0.12,0.04,0.12
568,FW,Saudi Arabia,29-047,1993,3,3,223,2.5,1,0,1,0,0,1,0,0.4,0,0.4,0.4,0.4,0.1,0.1,0.1,0.2,0.03,0.05,0.09,0.03,0.09
569,MF,Saudi Arabia,31-121,1991,3,3,270,3,2,0,2,0,1,1,0,0.67,0,0.67,0.67,0.67,1.8,1,0.2,1.2,0.59,0.08,0.67,0.32,0.4
570,MF,Ghana,22-267,2000,3,3,250,2.8,0,0,0,0,0,0,0,0,0,0,0,0,0,0,0,0.1,0.01,0.01,0.02,0.01,0.02
571,MF,Saudi Arabia,33-139,1989,1,1,44,0.5,0,0,0,0,0,0,0,0,0,0,0,0,0,0,0,0,0,0,0,0,0
572,DF,Canada,27-336,1995,3,1,95,1.1,0,0,0,0,0,1,0,0,0,0,0,0,0,0,0.1,0.1,0,0.09,0.09,0,0.09
573,MF,IR Iran,29-103,1993,1,0,45,0.5,0,0,0,0,0,0,0,0,0,0,0,0,0.2,0.2,0,0.2,0.36,0.05,0.41,0.36,0.41
574,MF,Saudi Arabia,25-314,1997,1,1,45,0.5,0,0,0,0,0,0,0,0,0,0,0,0,0,0,0,0,0,0,0,0,0
575,MF,Cameroon,25-005,1997,2,1,100,1.1,0,0,0,0,0,0,0,0,0,0,0,0,0,0,0,0,0,0,0,0,0
576,FW,IR Iran,27-351,1995,3,2,126,1.4,0,0,0,0,0,0,0,0,0,0,0,0,0.9,0.9,0.1,1,0.67,0.05,0.71,0.67,0.71
577,DF,Saudi Arabia,23-153,1999,3,3,270,3,0,0,0,0,0,1,0,0,0,0,0,0,0,0,0,0.1,0.01,0.02,0.02,0.01,0.02
578,MF,Serbia,26-127,1996,3,3,245,2.7,0,0,0,0,0,2,0,0,0,0,0,0,0.1,0.1,0,0.1,0.02,0,0.02,0.02,0.02
579,MF,Poland,23-222,1999,2,2,134,1.5,0,0,0,0,0,0,0,0,0,0,0,0,0,0,0,0,0,0,0,0,0
580,DF,Uruguay,32-072,1990,2,2,180,2,0,0,0,0,0,1,0,0,0,0,0,0,0.1,0.1,0,0.1,0.05,0,0.05,0.05,0.05
581,MF,Morocco,26-033,1996,7,4,409,4.5,0,0,0,0,0,1,0,0,0,0,0,0,0.2,0.2,0.1,0.3,0.05,0.02,0.07,0.05,0.07
582,FW,Germany,27-157,1995,3,3,263,2.9,1,1,1,0,0,0,0,0.34,0.34,0.68,0.34,0.68,1.1,1.1,1.5,2.6,0.37,0.51,0.88,0.37,0.88
583,MF,Serbia,27-294,1995,3,3,233,2.6,1,0,1,0,0,1,0,0.39,0,0.39,0.39,0.39,0.2,0.2,0,0.2,0.07,0,0.07,0.07,0.07
584,MF,Spain,34-155,1988,4,4,363,4,0,0,0,0,0,1,0,0,0,0,0,0,0.1,0.1,0.1,0.2,0.04,0.02,0.06,0.04,0.06
585,GK,Uruguay,29-270,1993,3,3,270,3,0,0,0,0,0,0,0,0,0,0,0,0,0,0,0,0,0,0,0,0,0
586,DF,United States,22-045,2000,4,4,305,3.4,0,1,0,0,0,1,0,0,0.3,0.3,0,0.3,0.2,0.2,0.5,0.7,0.07,0.15,0.22,0.07,0.22
587,DF,United States,26-046,1996,2,0,22,0.2,0,0,0,0,0,0,0,0,0,0,0,0,0,0,0,0,0,0,0,0,0
588,DF,Japan,31-156,1991,2,2,210,2.3,0,0,0,0,0,1,0,0,0,0,0,0,0.2,0.2,0,0.2,0.12,0,0.12,0.12,0.12
589,GK,Japan,33-290,1989,4,4,390,4.3,0,0,0,0,0,0,0,0,0,0,0,0,0,0,0,0,0,0,0,0,0
590,DF,Switzerland,29-288,1993,3,3,265,2.9,0,1,0,0,0,1,0,0,0.34,0.34,0,0.34,0,0,0.8,0.9,0.01,0.29,0.3,0.01,0.3
591,DF,Denmark,33-267,1989,1,1,64,0.7,0,0,0,0,0,0,0,0,0,0,0,0,0,0,0,0,0,0,0,0,0
592,FW,Morocco,29-092,1993,7,7,475,5.3,0,0,0,0,0,1,0,0,0,0,0,0,0.3,0.3,0.3,0.6,0.05,0.06,0.11,0.05,0.11
593,MF,Morocco,26-119,1996,7,7,660,7.3,0,0,0,0,0,1,0,0,0,0,0,0,0,0,0.1,0.1,0,0.01,0.01,0,0.01
594,FW,Korea Republic,30-163,1992,4,4,360,4,0,1,0,0,0,0,0,0,0.25,0.25,0,0.25,0.4,0.4,1,1.4,0.11,0.24,0.35,0.11,0.35
595,MF,Korea Republic,30-220,1992,3,0,72,0.8,0,0,0,0,0,0,0,0,0,0,0,0,0,0,0,0,0,0,0,0,0
596,MF,Wales,23-118,1999,1,0,1,0,0,0,0,0,0,0,0,0,0,0,0,0,0,0,0,0,0,0,0,0,0
597,DF,Serbia,26-240,1996,1,0,13,0.1,0,0,0,0,0,0,0,0,0,0,0,0,0,0,0,0,0,0,0,0,0
598,DF,Serbia,32-210,1990,1,0,35,0.4,0,0,0,0,0,0,0,0,0,0,0,0,0,0,0,0,0,0,0,0,0
599,MF,Canada,25-362,1996,2,2,125,1.4,0,0,0,0,0,0,0,0,0,0,0,0,0.2,0.2,0.2,0.3,0.13,0.11,0.24,0.13,0.24
600,GK,France,37-265,1985,1,1,90,1,0,0,0,0,0,0,0,0,0,0,0,0,0,0,0,0,0,0,0,0,0
601,MF,Netherlands,30-364,1991,4,1,200,2.2,0,1,0,0,0,1,0,0,0.45,0.45,0,0.45,0.3,0.3,0.1,0.3,0.13,0.04,0.17,0.13,0.17
602,FW,Netherlands,25-071,1997,4,3,213,2.4,0,0,0,0,0,1,0,0,0,0,0,0,0.5,0.5,0,0.5,0.21,0,0.21,0.21,0.21
603,DF,Canada,35-341,1987,3,3,270,3,0,0,0,0,0,1,0,0,0,0,0,0,0,0,0,0,0,0,0,0,0
604,DF,Serbia,21-208,2001,3,3,235,2.6,1,0,1,0,0,2,0,0.38,0,0.38,0.38,0.38,0.2,0.2,0,0.2,0.07,0,0.07,0.07,0.07
605,DF,Saudi Arabia,28-226,1994,3,1,126,1.4,0,0,0,0,0,0,0,0,0,0,0,0,0.2,0.2,0.1,0.2,0.12,0.05,0.17,0.12,0.17
606,FW,Tunisia,30-346,1992,2,0,29,0.3,0,0,0,0,0,1,0,0,0,0,0,0,0,0,0.1,0.2,0.06,0.45,0.51,0.06,0.51
607,MF,Canada,23-313,1999,3,3,260,2.9,0,1,0,0,0,1,0,0,0.35,0.35,0,0.35,0.9,0.9,0.5,1.4,0.33,0.17,0.5,0.33,0.5
608,FW,Japan,21-197,2001,2,2,90,1,0,0,0,0,0,0,0,0,0,0,0,0,0,0,0,0,0,0,0,0,0
609,DF,Japan,24-043,1998,3,1,187,2.1,0,0,0,0,0,0,0,0,0,0,0,0,0,0,0.2,0.2,0,0.11,0.11,0,0.11
610,FW,Japan,28-038,1994,4,0,165,1.8,1,0,1,0,0,0,0,0.55,0,0.55,0.55,0.55,0.7,0.7,0.2,0.9,0.44,0.17,0.6,0.44,0.6
611,FW,Japan,27-336,1995,3,0,60,0.7,0,0,0,0,0,0,0,0,0,0,0,0,0.1,0.1,0,0.1,0.36,0,0.36,0.36,0.36
612,DF,Qatar,25-013,1997,1,0,8,0.1,0,0,0,0,0,0,0,0,0,0,0,0,0,0,0,0,0,0,0,0,0
613,DF,Ghana,22-079,2000,2,1,102,1.1,0,0,0,0,0,1,0,0,0,0,0,0,0.1,0.1,0,0.1,0.06,0,0.06,0.06,0.06
614,MF,Netherlands,24-293,1998,5,1,219,2.4,0,1,0,0,0,1,0,0,0.41,0.41,0,0.41,0.1,0.1,0.2,0.3,0.04,0.09,0.13,0.04,0.13
615,DF,France,25-073,1997,6,5,508,5.6,1,2,1,0,0,1,0,0.18,0.35,0.53,0.18,0.53,0.4,0.4,1.2,1.6,0.07,0.22,0.29,0.07,0.29
616,MF,Argentina,21-236,2001,1,0,7,0.1,0,0,0,0,0,0,0,0,0,0,0,0,0,0,0.2,0.2,0,3.16,3.16,0,3.16
617,DF,Brazil,38-087,1984,4,4,390,4.3,0,1,0,0,0,0,0,0,0.23,0.23,0,0.23,0.2,0.2,0.9,1.1,0.04,0.23,0.27,0.04,0.27
618,GK,Belgium,30-221,1992,3,3,270,3,0,0,0,0,0,0,0,0,0,0,0,0,0,0,0,0,0,0,0,0,0
619,DF,Germany,26-088,1996,1,1,69,0.8,0,0,0,0,0,1,0,0,0,0,0,0,0,0,0,0,0,0,0,0,0
620,MF,Denmark,31-106,1991,1,1,44,0.5,0,0,0,0,0,0,0,0,0,0,0,0,0,0,0,0,0,0,0,0,0
621,DF,Belgium,31-097,1991,3,2,211,2.3,0,0,0,0,0,1,0,0,0,0,0,0,0.2,0.2,0.5,0.7,0.09,0.21,0.3,0.09,0.3
622,FW,Germany,33-096,1989,3,3,201,2.2,0,0,0,0,0,0,0,0,0,0,0,0,0.3,0.3,0.6,0.9,0.14,0.28,0.42,0.14,0.42
623,MF,Ghana,29-188,1993,3,3,270,3,0,0,0,0,0,0,0,0,0,0,0,0,0.2,0.2,0.1,0.3,0.07,0.02,0.09,0.07,0.09
624,FW,Belgium,29-264,1993,2,1,106,1.2,0,0,0,0,0,0,0,0,0,0,0,0,0,0,1.3,1.3,0,1.07,1.07,0,1.07
625,DF,United States,35-074,1987,4,4,360,4,0,0,0,0,0,1,0,0,0,0,0,0,0.3,0.3,0,0.3,0.07,0,0.07,0.07,0.07
626,DF,Belgium,27-013,1995,3,3,270,3,0,0,0,0,0,0,0,0,0,0,0,0,0,0,0,0,0,0,0,0,0
627,FW,United States,22-299,2000,4,4,316,3.5,1,0,1,0,0,0,0,0.28,0,0.28,0.28,0.28,0.6,0.6,0.4,1.1,0.18,0.12,0.31,0.18,0.31
628,DF,Belgium,33-291,1989,3,3,270,3,0,1,0,0,0,0,0,0,0.33,0.33,0,0.33,0,0,0.3,0.3,0,0.11,0.11,0,0.11
629,DF,England,24-072,1998,1,0,34,0.4,0,0,0,0,0,0,0,0,0,0,0,0,0,0,0,0,0,0,0,0,0
630,MF,United States,23-307,1999,4,4,360,4,0,0,0,0,0,1,0,0,0,0,0,0,0,0,0.4,0.5,0.01,0.11,0.12,0.01,0.12
631,GK,Spain,25-190,1997,4,4,390,4.3,0,0,0,0,0,0,0,0,0,0,0,0,0,0,0,0,0,0,0,0,0
632,FW,Mexico,25-119,1997,3,0,77,0.9,0,0,0,0,0,0,0,0,0,0,0,0,0.2,0.2,0,0.2,0.18,0.02,0.2,0.18,0.2
633,GK,Serbia,25-301,1997,3,3,270,3,0,0,0,0,0,0,0,0,0,0,0,0,0,0,0,0,0,0,0,0,0
634,DF,Denmark,24-065,1998,1,1,90,1,0,0,0,0,0,0,0,0,0,0,0,0,0,0,0,0,0,0,0,0,0
635,FW,Cameroon,30-330,1992,3,1,142,1.6,2,1,2,0,0,2,1,1.27,0.63,1.9,1.27,1.9,0.6,0.6,0.6,1.2,0.37,0.39,0.76,0.37,0.76
636,FW,Netherlands,28-186,1994,2,1,86,1,0,0,0,0,0,0,0,0,0,0,0,0,0.1,0.1,0,0.1,0.09,0.04,0.13,0.09,0.13
637,FW,Brazil,22-159,2000,4,4,299,3.3,1,2,1,0,0,0,0,0.3,0.6,0.9,0.3,0.9,1,1,0.7,1.7,0.3,0.2,0.5,0.3,0.5
638,DF,Netherlands,31-163,1991,5,5,480,5.3,0,0,0,0,0,0,0,0,0,0,0,0,0.2,0.2,0.1,0.3,0.04,0.03,0.07,0.04,0.07
639,MF,Portugal,22-308,2000,3,1,120,1.3,0,0,0,0,0,1,0,0,0,0,0,0,0.1,0.1,0,0.1,0.05,0.03,0.08,0.05,0.08
640,FW,Tunisia,31-313,1991,2,1,83,0.9,1,0,1,0,0,0,0,1.08,0,1.08,1.08,1.08,0.4,0.4,0,0.4,0.47,0,0.47,0.47,0.47
641,DF,Tunisia,27-043,1995,3,1,111,1.2,0,0,0,0,0,1,0,0,0,0,0,0,0,0,0.1,0.1,0,0.08,0.08,0,0.08
642,FW,Morocco,24-330,1998,2,0,64,0.7,0,0,0,0,0,2,1,0,0,0,0,0,0.5,0.5,0,0.5,1.24,0,1.24,1.24,1.24
643,DF,United States,29-213,1993,4,3,279,3.1,0,0,0,0,0,0,0,0,0,0,0,0,0.1,0.1,0,0.1,0.02,0,0.02,0.02,0.02
644,MF,Japan,29-312,1993,4,3,304,3.4,0,0,0,0,0,1,0,0,0,0,0,0,0.2,0.2,0.5,0.6,0.06,0.15,0.21,0.06,0.21
645,GK,Wales,35-328,1987,2,2,175,1.9,0,0,0,0,0,0,1,0,0,0,0,0,0,0,0,0,0,0,0,0,0
646,MF,United States,24-112,1998,4,4,271,3,0,0,0,0,0,1,0,0,0,0,0,0,0.4,0.4,0.4,0.8,0.13,0.13,0.27,0.13,0.27
647,MF,Portugal,30-255,1992,4,2,215,2.4,0,0,0,0,0,0,0,0,0,0,0,0,0.1,0.1,0,0.1,0.03,0,0.03,0.03,0.03
648,DF,France,21-269,2001,1,0,28,0.3,0,0,0,0,0,0,0,0,0,0,0,0,0,0,0,0,0,0.11,0.11,0,0.11
649,GK,Poland,32-244,1990,4,4,360,4,0,0,0,0,0,0,0,0,0,0,0,0,0,0,0,0,0,0,0,0,0
650,FW,Netherlands,30-133,1992,4,0,64,0.7,2,0,2,0,0,1,0,2.81,0,2.81,2.81,2.81,0.2,0.2,0,0.2,0.52,0.08,0.6,0.52,0.6
651,GK,Brazil,35-005,1987,1,0,11,0.1,0,0,0,0,0,0,0,0,0,0,0,0,0,0,0,0,0,0,0,0,0
652,FW,Netherlands,19-241,2003,1,0,9,0.1,0,0,0,0,0,0,0,0,0,0,0,0,0,0,0,0,0,0,0,0,0
653,FW,Switzerland,31-069,1991,3,3,229,2.5,1,1,1,0,0,0,0,0.39,0.39,0.79,0.39,0.79,0.3,0.3,0.9,1.2,0.12,0.35,0.47,0.12,0.47
654,DF,Morocco,27-291,1995,6,2,318,3.5,0,1,0,0,0,0,0,0,0.28,0.28,0,0.28,0.2,0.2,1.2,1.4,0.07,0.37,0.44,0.07,0.44
655,MF,Morocco,31-183,1991,2,0,15,0.2,0,0,0,0,0,0,0,0,0,0,0,0,,,,,,,,,
656,GK,Switzerland,34-001,1988,3,3,270,3,0,0,0,0,0,0,0,0,0,0,0,0,0,0,0,0,0,0,0,0,0
657,FW,Belgium,29-105,1993,2,2,116,1.3,0,0,0,0,0,1,0,0,0,0,0,0,0.3,0.3,0,0.3,0.22,0,0.22,0.22,0.22
658,DF,Saudi Arabia,30-207,1992,1,1,89,1,0,0,0,0,0,0,0,0,0,0,0,0,0,0,0,0,0,0,0,0,0
659,GK,Morocco,31-257,1991,6,6,570,6.3,0,0,0,0,0,0,0,0,0,0,0,0,0,0,0,0,0,0,0,0,0
660,DF,Tunisia,29-169,1993,3,3,270,3,0,0,0,0,0,0,0,0,0,0,0,0,0.1,0.1,0,0.1,0.02,0.01,0.04,0.02,0.04
661,MF,Costa Rica,30-276,1992,3,3,269,3,1,1,1,0,0,0,0,0.33,0.33,0.67,0.33,0.67,0.4,0.4,0.1,0.5,0.14,0.02,0.17,0.14,0.17
662,MF,Belgium,25-225,1997,3,1,95,1.1,0,0,0,0,0,0,0,0,0,0,0,0,0,0,0.1,0.1,0,0.07,0.07,0,0.07
663,FW,Morocco,25-200,1997,7,7,542,6,2,0,2,0,0,0,0,0.33,0,0.33,0.33,0.33,1.2,1.2,0,1.3,0.21,0.01,0.21,0.21,0.21
664,MF,Tunisia,32-051,1990,2,2,169,1.9,0,0,0,0,0,0,0,0,0,0,0,0,0.5,0.5,0.6,1.2,0.29,0.34,0.62,0.29,0.62
665,MF,France,23-342,1999,6,2,227,2.5,0,0,0,0,0,0,0,0,0,0,0,0,0.2,0.2,0.2,0.3,0.07,0.07,0.14,0.07,0.14
666,DF,Senegal,29-288,1993,4,4,360,4,0,0,0,0,0,0,0,0,0,0,0,0,0,0,0.7,0.7,0.01,0.16,0.18,0.01,0.18
667,FW,Germany,18-028,2004,1,0,1,0,0,0,0,0,0,0,0,0,0,0,0,0,0,0,0,0,0,0,0,0,0
668,DF,Costa Rica,26-184,1996,2,0,47,0.5,0,0,0,0,0,0,0,0,0,0,0,0,0,0,0,0,0,0,0,0,0
669,FW,Japan,25-296,1997,1,1,81,0.9,0,0,0,0,0,0,0,0,0,0,0,0,0.2,0.2,0,0.2,0.21,0,0.21,0.21,0.21
670,MF,United States,20-019,2002,4,4,343,3.8,0,0,0,0,0,0,0,0,0,0,0,0,0.3,0.3,0.1,0.4,0.08,0.02,0.11,0.08,0.11
671,MF,Japan,36-097,1986,4,4,209,2.3,0,0,0,0,0,0,0,0,0,0,0,0,0,0,0.1,0.1,0,0.05,0.05,0,0.05
672,FW,Morocco,22-303,2000,4,0,79,0.9,1,0,1,0,0,0,0,1.14,0,1.14,1.14,1.14,1,1,0,1,1.16,0,1.16,1.16,1.16
673,FW,Spain,30-056,1992,4,1,185,2.1,3,1,3,0,0,0,0,1.46,0.49,1.95,1.46,1.95,1.4,1.4,0.2,1.6,0.79,0.14,0.93,0.79,0.93
674,MF,Costa Rica,20-284,2002,1,0,30,0.3,0,0,0,0,0,0,0,0,0,0,0,0,0,0,0,0,0,0,0,0,0
675,MF,Argentina,27-284,1995,1,0,5,0.1,0,0,0,0,0,0,0,0,0,0,0,0,0,0,0,0,0,0,0,0,0
676,MF,Argentina,34-307,1988,5,4,288,3.2,1,1,1,0,0,0,0,0.31,0.31,0.62,0.31,0.62,0.8,0.8,0.6,1.4,0.27,0.2,0.46,0.27,0.46
677,DF,Ecuador,24-303,1998,3,3,264,2.9,0,1,0,0,0,0,0,0,0.34,0.34,0,0.34,0.1,0.1,0.4,0.5,0.02,0.14,0.17,0.02,0.17
678,DF,Brazil,24-334,1998,4,4,347,3.9,0,0,0,0,0,1,0,0,0,0,0,0,0.2,0.2,0,0.2,0.05,0.01,0.05,0.05,0.05
679,DF,Costa Rica,33-198,1989,3,3,270,3,0,0,0,0,0,1,0,0,0,0,0,0,0,0,0.3,0.3,0,0.09,0.09,0,0.09
680,MF,Germany,32-055,1990,3,3,189,2.1,1,0,0,1,1,0,0,0.48,0,0.48,0,0,1.1,0.4,0.1,0.5,0.54,0.05,0.6,0.17,0.22